ticker,tier2_scope1_tco2e,tier2_scope2_tco2e,tier2_method,tier2_sector_used,tier2_peer_count,tier2_notes
ACN,310966.5,782556.4,median_model_revenue+employees,sector:Information Technology,37,"Tier 2 ESTIMATE (LSEG median-model style), NOT a disclosure -- see pipeline/tier2_estimation/estimate_tier2.py. Peer group: sector = 'Information Technology' (37 Tier 1 peers, floor=5). Revenue-based: median peer tCO2e/$ revenue (3.55838e-06) x this company's revenue ($73,100,591,104) = 260,120 tCO2e. Employee-based: median peer tCO2e/employee (2.41167) x this company's employee count (799,000) = 1,926,926 tCO2e. Final estimate is the average of the available method(s): 1,093,523 tCO2e. Split into scope1/scope2 using the peer group's median scope1-share (28.44%) -- this split is a secondary approximation layered on top of the primary total estimate, not independently estimated."
MMM,295640.9,97686.0,median_model_revenue+employees,sector:Industrials,38,"Tier 2 ESTIMATE (LSEG median-model style), NOT a disclosure -- see pipeline/tier2_estimation/estimate_tier2.py. Peer group: sector = 'Industrials' (38 Tier 1 peers, floor=5). Revenue-based: median peer tCO2e/$ revenue (1.47256e-05) x this company's revenue ($25,180,000,256) = 370,791 tCO2e. Employee-based: median peer tCO2e/employee (6.87376) x this company's employee count (60,500) = 415,862 tCO2e. Final estimate is the average of the available method(s): 393,327 tCO2e. Split into scope1/scope2 using the peer group's median scope1-share (75.16%) -- this split is a secondary approximation layered on top of the primary total estimate, not independently estimated."
AOS,50765.0,16773.8,median_model_revenue+employees,sector:Industrials,38,"Tier 2 ESTIMATE (LSEG median-model style), NOT a disclosure -- see pipeline/tier2_estimation/estimate_tier2.py. Peer group: sector = 'Industrials' (38 Tier 1 peers, floor=5). Revenue-based: median peer tCO2e/$ revenue (1.47256e-05) x this company's revenue ($3,804,900,096) = 56,030 tCO2e. Employee-based: median peer tCO2e/employee (6.87376) x this company's employee count (11,500) = 79,048 tCO2e. Final estimate is the average of the available method(s): 67,539 tCO2e. Split into scope1/scope2 using the peer group's median scope1-share (75.16%) -- this split is a secondary approximation layered on top of the primary total estimate, not independently estimated."
AKAM,5959.1,14996.2,median_model_revenue+employees,sector:Information Technology,37,"Tier 2 ESTIMATE (LSEG median-model style), NOT a disclosure -- see pipeline/tier2_estimation/estimate_tier2.py. Peer group: sector = 'Information Technology' (37 Tier 1 peers, floor=5). Revenue-based: median peer tCO2e/$ revenue (3.55838e-06) x this company's revenue ($4,322,833,920) = 15,382 tCO2e. Employee-based: median peer tCO2e/employee (2.41167) x this company's employee count (11,000) = 26,528 tCO2e. Final estimate is the average of the available method(s): 20,955 tCO2e. Split into scope1/scope2 using the peer group's median scope1-share (28.44%) -- this split is a secondary approximation layered on top of the primary total estimate, not independently estimated."
APD,2864191.4,203406.1,median_model_revenue+employees,sector:Materials,18,"Tier 2 ESTIMATE (LSEG median-model style), NOT a disclosure -- see pipeline/tier2_estimation/estimate_tier2.py. Peer group: sector = 'Materials' (18 Tier 1 peers, floor=5). Revenue-based: median peer tCO2e/$ revenue (0.000191448) x this company's revenue ($12,602,200,064) = 2,412,663 tCO2e. Employee-based: median peer tCO2e/employee (176.532) x this company's employee count (21,087) = 3,722,532 tCO2e. Final estimate is the average of the available method(s): 3,067,597 tCO2e. Split into scope1/scope2 using the peer group's median scope1-share (93.37%) -- this split is a secondary approximation layered on top of the primary total estimate, not independently estimated."
ABNB,29300.3,36018.7,median_model_revenue+employees,sector:Consumer Discretionary,21,"Tier 2 ESTIMATE (LSEG median-model style), NOT a disclosure -- see pipeline/tier2_estimation/estimate_tier2.py. Peer group: sector = 'Consumer Discretionary' (21 Tier 1 peers, floor=5). Revenue-based: median peer tCO2e/$ revenue (8.12116e-06) x this company's revenue ($13,159,000,064) = 106,866 tCO2e. Employee-based: median peer tCO2e/employee (2.89897) x this company's employee count (8,200) = 23,772 tCO2e. Final estimate is the average of the available method(s): 65,319 tCO2e. Split into scope1/scope2 using the peer group's median scope1-share (44.86%) -- this split is a secondary approximation layered on top of the primary total estimate, not independently estimated."
ARE,5138.4,9133.1,median_model_revenue+employees,sector:Real Estate,8,"Tier 2 ESTIMATE (LSEG median-model style), NOT a disclosure -- see pipeline/tier2_estimation/estimate_tier2.py. Peer group: sector = 'Real Estate' (8 Tier 1 peers, floor=5). Revenue-based: median peer tCO2e/$ revenue (9.26543e-06) x this company's revenue ($2,840,326,912) = 26,317 tCO2e. Employee-based: median peer tCO2e/employee (4.331) x this company's employee count (514) = 2,226 tCO2e. Final estimate is the average of the available method(s): 14,271 tCO2e. Split into scope1/scope2 using the peer group's median scope1-share (36.00%) -- this split is a secondary approximation layered on top of the primary total estimate, not independently estimated."
ALGN,25648.9,20785.3,median_model_revenue+employees,sector:Health Care,23,"Tier 2 ESTIMATE (LSEG median-model style), NOT a disclosure -- see pipeline/tier2_estimation/estimate_tier2.py. Peer group: sector = 'Health Care' (23 Tier 1 peers, floor=5). Revenue-based: median peer tCO2e/$ revenue (4.88288e-06) x this company's revenue ($4,139,532,032) = 20,213 tCO2e. Employee-based: median peer tCO2e/employee (3.55545) x this company's employee count (20,435) = 72,656 tCO2e. Final estimate is the average of the available method(s): 46,434 tCO2e. Split into scope1/scope2 using the peer group's median scope1-share (55.24%) -- this split is a secondary approximation layered on top of the primary total estimate, not independently estimated."
ALLE,58091.3,19194.6,median_model_revenue+employees,sector:Industrials,38,"Tier 2 ESTIMATE (LSEG median-model style), NOT a disclosure -- see pipeline/tier2_estimation/estimate_tier2.py. Peer group: sector = 'Industrials' (38 Tier 1 peers, floor=5). Revenue-based: median peer tCO2e/$ revenue (1.47256e-05) x this company's revenue ($4,288,499,968) = 63,151 tCO2e. Employee-based: median peer tCO2e/employee (6.87376) x this company's employee count (13,300) = 91,421 tCO2e. Final estimate is the average of the available method(s): 77,286 tCO2e. Split into scope1/scope2 using the peer group's median scope1-share (75.16%) -- this split is a secondary approximation layered on top of the primary total estimate, not independently estimated."
ALL,38108.9,15651.8,median_model_revenue+employees,sector:Financials,20,"Tier 2 ESTIMATE (LSEG median-model style), NOT a disclosure -- see pipeline/tier2_estimation/estimate_tier2.py. Peer group: sector = 'Financials' (20 Tier 1 peers, floor=5). Revenue-based: median peer tCO2e/$ revenue (9.25042e-07) x this company's revenue ($70,137,004,032) = 64,880 tCO2e. Employee-based: median peer tCO2e/employee (0.804557) x this company's employee count (53,000) = 42,642 tCO2e. Final estimate is the average of the available method(s): 53,761 tCO2e. Split into scope1/scope2 using the peer group's median scope1-share (70.89%) -- this split is a secondary approximation layered on top of the primary total estimate, not independently estimated."
AMZN,2449942.0,3011699.8,median_model_revenue+employees,sector:Consumer Discretionary,21,"Tier 2 ESTIMATE (LSEG median-model style), NOT a disclosure -- see pipeline/tier2_estimation/estimate_tier2.py. Peer group: sector = 'Consumer Discretionary' (21 Tier 1 peers, floor=5). Revenue-based: median peer tCO2e/$ revenue (8.12116e-06) x this company's revenue ($775,680,032,768) = 6,299,423 tCO2e. Employee-based: median peer tCO2e/employee (2.89897) x this company's employee count (1,595,000) = 4,623,861 tCO2e. Final estimate is the average of the available method(s): 5,461,642 tCO2e. Split into scope1/scope2 using the peer group's median scope1-share (44.86%) -- this split is a secondary approximation layered on top of the primary total estimate, not independently estimated."
AMCR,8281884.3,588154.1,median_model_revenue+employees,sector:Materials,18,"Tier 2 ESTIMATE (LSEG median-model style), NOT a disclosure -- see pipeline/tier2_estimation/estimate_tier2.py. Peer group: sector = 'Materials' (18 Tier 1 peers, floor=5). Revenue-based: median peer tCO2e/$ revenue (0.000191448) x this company's revenue ($23,505,999,872) = 4,500,171 tCO2e. Employee-based: median peer tCO2e/employee (176.532) x this company's employee count (75,000) = 13,239,906 tCO2e. Final estimate is the average of the available method(s): 8,870,038 tCO2e. Split into scope1/scope2 using the peer group's median scope1-share (93.37%) -- this split is a secondary approximation layered on top of the primary total estimate, not independently estimated."
AXP,45150.1,18543.7,median_model_revenue+employees,sector:Financials,20,"Tier 2 ESTIMATE (LSEG median-model style), NOT a disclosure -- see pipeline/tier2_estimation/estimate_tier2.py. Peer group: sector = 'Financials' (20 Tier 1 peers, floor=5). Revenue-based: median peer tCO2e/$ revenue (9.25042e-07) x this company's revenue ($70,912,999,424) = 65,598 tCO2e. Employee-based: median peer tCO2e/employee (0.804557) x this company's employee count (76,800) = 61,790 tCO2e. Final estimate is the average of the available method(s): 63,694 tCO2e. Split into scope1/scope2 using the peer group's median scope1-share (70.89%) -- this split is a secondary approximation layered on top of the primary total estimate, not independently estimated."
AIG,15068.8,6188.9,median_model_revenue+employees,sector:Financials,20,"Tier 2 ESTIMATE (LSEG median-model style), NOT a disclosure -- see pipeline/tier2_estimation/estimate_tier2.py. Peer group: sector = 'Financials' (20 Tier 1 peers, floor=5). Revenue-based: median peer tCO2e/$ revenue (9.25042e-07) x this company's revenue ($26,738,999,296) = 24,735 tCO2e. Employee-based: median peer tCO2e/employee (0.804557) x this company's employee count (22,100) = 17,781 tCO2e. Final estimate is the average of the available method(s): 21,258 tCO2e. Split into scope1/scope2 using the peer group's median scope1-share (70.89%) -- this split is a secondary approximation layered on top of the primary total estimate, not independently estimated."
AMT,22044.1,39182.0,median_model_revenue+employees,sector:Real Estate,8,"Tier 2 ESTIMATE (LSEG median-model style), NOT a disclosure -- see pipeline/tier2_estimation/estimate_tier2.py. Peer group: sector = 'Real Estate' (8 Tier 1 peers, floor=5). Revenue-based: median peer tCO2e/$ revenue (9.26543e-06) x this company's revenue ($10,941,500,416) = 101,378 tCO2e. Employee-based: median peer tCO2e/employee (4.331) x this company's employee count (4,866) = 21,075 tCO2e. Final estimate is the average of the available method(s): 61,226 tCO2e. Split into scope1/scope2 using the peer group's median scope1-share (36.00%) -- this split is a secondary approximation layered on top of the primary total estimate, not independently estimated."
AME,101644.8,33585.6,median_model_revenue+employees,sector:Industrials,38,"Tier 2 ESTIMATE (LSEG median-model style), NOT a disclosure -- see pipeline/tier2_estimation/estimate_tier2.py. Peer group: sector = 'Industrials' (38 Tier 1 peers, floor=5). Revenue-based: median peer tCO2e/$ revenue (1.47256e-05) x this company's revenue ($7,863,923,200) = 115,801 tCO2e. Employee-based: median peer tCO2e/employee (6.87376) x this company's employee count (22,500) = 154,660 tCO2e. Final estimate is the average of the available method(s): 135,230 tCO2e. Split into scope1/scope2 using the peer group's median scope1-share (75.16%) -- this split is a secondary approximation layered on top of the primary total estimate, not independently estimated."
APH,72972.3,183637.0,median_model_revenue+employees,sector:Information Technology,37,"Tier 2 ESTIMATE (LSEG median-model style), NOT a disclosure -- see pipeline/tier2_estimation/estimate_tier2.py. Peer group: sector = 'Information Technology' (37 Tier 1 peers, floor=5). Revenue-based: median peer tCO2e/$ revenue (3.55838e-06) x this company's revenue ($29,011,599,360) = 103,234 tCO2e. Employee-based: median peer tCO2e/employee (2.41167) x this company's employee count (170,000) = 409,984 tCO2e. Final estimate is the average of the available method(s): 256,609 tCO2e. Split into scope1/scope2 using the peer group's median scope1-share (28.44%) -- this split is a secondary approximation layered on top of the primary total estimate, not independently estimated."
APO,13422.2,5512.6,median_model_revenue+employees,sector:Financials,20,"Tier 2 ESTIMATE (LSEG median-model style), NOT a disclosure -- see pipeline/tier2_estimation/estimate_tier2.py. Peer group: sector = 'Financials' (20 Tier 1 peers, floor=5). Revenue-based: median peer tCO2e/$ revenue (9.25042e-07) x this company's revenue ($35,598,000,128) = 32,930 tCO2e. Employee-based: median peer tCO2e/employee (0.804557) x this company's employee count (6,140) = 4,940 tCO2e. Final estimate is the average of the available method(s): 18,935 tCO2e. Split into scope1/scope2 using the peer group's median scope1-share (70.89%) -- this split is a secondary approximation layered on top of the primary total estimate, not independently estimated."
AMAT,28941.0,72830.9,median_model_revenue+employees,sector:Information Technology,37,"Tier 2 ESTIMATE (LSEG median-model style), NOT a disclosure -- see pipeline/tier2_estimation/estimate_tier2.py. Peer group: sector = 'Information Technology' (37 Tier 1 peers, floor=5). Revenue-based: median peer tCO2e/$ revenue (3.55838e-06) x this company's revenue ($30,837,000,192) = 109,730 tCO2e. Employee-based: median peer tCO2e/employee (2.41167) x this company's employee count (38,900) = 93,814 tCO2e. Final estimate is the average of the available method(s): 101,772 tCO2e. Split into scope1/scope2 using the peer group's median scope1-share (28.44%) -- this split is a secondary approximation layered on top of the primary total estimate, not independently estimated."
APP,12869.8,13214.1,median_model_revenue+employees,sector:Communication Services,6,"Tier 2 ESTIMATE (LSEG median-model style), NOT a disclosure -- see pipeline/tier2_estimation/estimate_tier2.py. Peer group: sector = 'Communication Services' (6 Tier 1 peers, floor=5). Revenue-based: median peer tCO2e/$ revenue (6.65458e-06) x this company's revenue ($6,829,124,096) = 45,445 tCO2e. Employee-based: median peer tCO2e/employee (7.67451) x this company's employee count (876) = 6,723 tCO2e. Final estimate is the average of the available method(s): 26,084 tCO2e. Split into scope1/scope2 using the peer group's median scope1-share (49.34%) -- this split is a secondary approximation layered on top of the primary total estimate, not independently estimated."
A,27813.4,22539.4,median_model_revenue+employees,sector:Health Care,23,"Tier 2 ESTIMATE (LSEG median-model style), NOT a disclosure -- see pipeline/tier2_estimation/estimate_tier2.py. Peer group: sector = 'Health Care' (23 Tier 1 peers, floor=5). Revenue-based: median peer tCO2e/$ revenue (4.88288e-06) x this company's revenue ($7,372,000,256) = 35,997 tCO2e. Employee-based: median peer tCO2e/employee (3.55545) x this company's employee count (18,200) = 64,709 tCO2e. Final estimate is the average of the available method(s): 50,353 tCO2e. Split into scope1/scope2 using the peer group's median scope1-share (55.24%) -- this split is a secondary approximation layered on top of the primary total estimate, not independently estimated."
ACGL,8586.8,3526.7,median_model_revenue+employees,sector:Financials,20,"Tier 2 ESTIMATE (LSEG median-model style), NOT a disclosure -- see pipeline/tier2_estimation/estimate_tier2.py. Peer group: sector = 'Financials' (20 Tier 1 peers, floor=5). Revenue-based: median peer tCO2e/$ revenue (9.25042e-07) x this company's revenue ($19,232,000,000) = 17,790 tCO2e. Employee-based: median peer tCO2e/employee (0.804557) x this company's employee count (8,000) = 6,436 tCO2e. Final estimate is the average of the available method(s): 12,113 tCO2e. Split into scope1/scope2 using the peer group's median scope1-share (70.89%) -- this split is a secondary approximation layered on top of the primary total estimate, not independently estimated."
ANET,7087.1,17834.9,median_model_revenue+employees,sector:Information Technology,37,"Tier 2 ESTIMATE (LSEG median-model style), NOT a disclosure -- see pipeline/tier2_estimation/estimate_tier2.py. Peer group: sector = 'Information Technology' (37 Tier 1 peers, floor=5). Revenue-based: median peer tCO2e/$ revenue (3.55838e-06) x this company's revenue ($10,540,800,000) = 37,508 tCO2e. Employee-based: median peer tCO2e/employee (2.41167) x this company's employee count (5,115) = 12,336 tCO2e. Final estimate is the average of the available method(s): 24,922 tCO2e. Split into scope1/scope2 using the peer group's median scope1-share (28.44%) -- this split is a secondary approximation layered on top of the primary total estimate, not independently estimated."
AJG,24189.4,9934.9,median_model_revenue+employees,sector:Financials,20,"Tier 2 ESTIMATE (LSEG median-model style), NOT a disclosure -- see pipeline/tier2_estimation/estimate_tier2.py. Peer group: sector = 'Financials' (20 Tier 1 peers, floor=5). Revenue-based: median peer tCO2e/$ revenue (9.25042e-07) x this company's revenue ($15,109,000,192) = 13,976 tCO2e. Employee-based: median peer tCO2e/employee (0.804557) x this company's employee count (67,456) = 54,272 tCO2e. Final estimate is the average of the available method(s): 34,124 tCO2e. Split into scope1/scope2 using the peer group's median scope1-share (70.89%) -- this split is a secondary approximation layered on top of the primary total estimate, not independently estimated."
ALB,106276.5,16248.8,median_model_revenue+employees,sub_industry:Specialty Chemicals,5,"Tier 2 ESTIMATE (LSEG median-model style), NOT a disclosure -- see pipeline/tier2_estimation/estimate_tier2.py. Peer group: sub_industry = 'Specialty Chemicals' (5 Tier 1 peers, floor=5). Revenue-based: median peer tCO2e/$ revenue (2.76226e-05) x this company's revenue ($5,907,904,000) = 163,192 tCO2e. Employee-based: median peer tCO2e/employee (10.4947) x this company's employee count (7,800) = 81,859 tCO2e. Final estimate is the average of the available method(s): 122,525 tCO2e. Split into scope1/scope2 using the peer group's median scope1-share (86.74%) -- this split is a secondary approximation layered on top of the primary total estimate, not independently estimated."
T,460751.4,473080.0,median_model_revenue+employees,sector:Communication Services,6,"Tier 2 ESTIMATE (LSEG median-model style), NOT a disclosure -- see pipeline/tier2_estimation/estimate_tier2.py. Peer group: sector = 'Communication Services' (6 Tier 1 peers, floor=5). Revenue-based: median peer tCO2e/$ revenue (6.65458e-06) x this company's revenue ($127,238,995,968) = 846,723 tCO2e. Employee-based: median peer tCO2e/employee (7.67451) x this company's employee count (133,030) = 1,020,940 tCO2e. Final estimate is the average of the available method(s): 933,831 tCO2e. Split into scope1/scope2 using the peer group's median scope1-share (49.34%) -- this split is a secondary approximation layered on top of the primary total estimate, not independently estimated."
BAX,19725.0,41880.7,median_model_revenue+employees,sub_industry:Health Care Equipment,5,"Tier 2 ESTIMATE (LSEG median-model style), NOT a disclosure -- see pipeline/tier2_estimation/estimate_tier2.py. Peer group: sub_industry = 'Health Care Equipment' (5 Tier 1 peers, floor=5). Revenue-based: median peer tCO2e/$ revenue (4.88288e-06) x this company's revenue ($11,470,000,128) = 56,007 tCO2e. Employee-based: median peer tCO2e/employee (1.79212) x this company's employee count (37,500) = 67,205 tCO2e. Final estimate is the average of the available method(s): 61,606 tCO2e. Split into scope1/scope2 using the peer group's median scope1-share (32.02%) -- this split is a secondary approximation layered on top of the primary total estimate, not independently estimated."
ADP,294542.5,97323.1,median_model_revenue+employees,sector:Industrials,38,"Tier 2 ESTIMATE (LSEG median-model style), NOT a disclosure -- see pipeline/tier2_estimation/estimate_tier2.py. Peer group: sector = 'Industrials' (38 Tier 1 peers, floor=5). Revenue-based: median peer tCO2e/$ revenue (1.47256e-05) x this company's revenue ($21,947,400,192) = 323,189 tCO2e. Employee-based: median peer tCO2e/employee (6.87376) x this company's employee count (67,000) = 460,542 tCO2e. Final estimate is the average of the available method(s): 391,866 tCO2e. Split into scope1/scope2 using the peer group's median scope1-share (75.16%) -- this split is a secondary approximation layered on top of the primary total estimate, not independently estimated."
AZO,87120.1,107096.2,median_model_revenue+employees,sector:Consumer Discretionary,21,"Tier 2 ESTIMATE (LSEG median-model style), NOT a disclosure -- see pipeline/tier2_estimation/estimate_tier2.py. Peer group: sector = 'Consumer Discretionary' (21 Tier 1 peers, floor=5). Revenue-based: median peer tCO2e/$ revenue (8.12116e-06) x this company's revenue ($19,986,403,328) = 162,313 tCO2e. Employee-based: median peer tCO2e/employee (2.89897) x this company's employee count (78,000) = 226,120 tCO2e. Final estimate is the average of the available method(s): 194,216 tCO2e. Split into scope1/scope2 using the peer group's median scope1-share (44.86%) -- this split is a secondary approximation layered on top of the primary total estimate, not independently estimated."
AXON,8805.1,0.0,median_model_revenue+employees,sub_industry:Aerospace & Defense,9,"Tier 2 ESTIMATE (LSEG median-model style), NOT a disclosure -- see pipeline/tier2_estimation/estimate_tier2.py. Peer group: sub_industry = 'Aerospace & Defense' (9 Tier 1 peers, floor=5). Revenue-based: median peer tCO2e/$ revenue (3.63289e-06) x this company's revenue ($3,219,098,880) = 11,695 tCO2e. Employee-based: median peer tCO2e/employee (1.15992) x this company's employee count (5,100) = 5,916 tCO2e. Final estimate is the average of the available method(s): 8,805 tCO2e. Split into scope1/scope2 using the peer group's median scope1-share (100.00%) -- this split is a secondary approximation layered on top of the primary total estimate, not independently estimated."
BKR,23501216.9,0.0,median_model_revenue+employees,sector:Energy,17,"Tier 2 ESTIMATE (LSEG median-model style), NOT a disclosure -- see pipeline/tier2_estimation/estimate_tier2.py. Peer group: sector = 'Energy' (17 Tier 1 peers, floor=5). Revenue-based: median peer tCO2e/$ revenue (0.000177718) x this company's revenue ($27,725,000,704) = 4,927,236 tCO2e. Employee-based: median peer tCO2e/employee (779.17) x this company's employee count (54,000) = 42,075,197 tCO2e. Final estimate is the average of the available method(s): 23,501,217 tCO2e. Split into scope1/scope2 using the peer group's median scope1-share (100.00%) -- this split is a secondary approximation layered on top of the primary total estimate, not independently estimated."
BALL,2599022.3,184574.6,median_model_revenue+employees,sector:Materials,18,"Tier 2 ESTIMATE (LSEG median-model style), NOT a disclosure -- see pipeline/tier2_estimation/estimate_tier2.py. Peer group: sector = 'Materials' (18 Tier 1 peers, floor=5). Revenue-based: median peer tCO2e/$ revenue (0.000191448) x this company's revenue ($14,325,999,616) = 2,742,681 tCO2e. Employee-based: median peer tCO2e/employee (176.532) x this company's employee count (16,000) = 2,824,513 tCO2e. Final estimate is the average of the available method(s): 2,783,597 tCO2e. Split into scope1/scope2 using the peer group's median scope1-share (93.37%) -- this split is a secondary approximation layered on top of the primary total estimate, not independently estimated."
TECH,4584.5,3715.2,median_model_revenue+employees,sector:Health Care,23,"Tier 2 ESTIMATE (LSEG median-model style), NOT a disclosure -- see pipeline/tier2_estimation/estimate_tier2.py. Peer group: sector = 'Health Care' (23 Tier 1 peers, floor=5). Revenue-based: median peer tCO2e/$ revenue (4.88288e-06) x this company's revenue ($1,215,038,976) = 5,933 tCO2e. Employee-based: median peer tCO2e/employee (3.55545) x this company's employee count (3,000) = 10,666 tCO2e. Final estimate is the average of the available method(s): 8,300 tCO2e. Split into scope1/scope2 using the peer group's median scope1-share (55.24%) -- this split is a secondary approximation layered on top of the primary total estimate, not independently estimated."
BIIB,20888.1,16927.3,median_model_revenue+employees,sector:Health Care,23,"Tier 2 ESTIMATE (LSEG median-model style), NOT a disclosure -- see pipeline/tier2_estimation/estimate_tier2.py. Peer group: sector = 'Health Care' (23 Tier 1 peers, floor=5). Revenue-based: median peer tCO2e/$ revenue (4.88288e-06) x this company's revenue ($10,027,899,904) = 48,965 tCO2e. Employee-based: median peer tCO2e/employee (3.55545) x this company's employee count (7,500) = 26,666 tCO2e. Final estimate is the average of the available method(s): 37,815 tCO2e. Split into scope1/scope2 using the peer group's median scope1-share (55.24%) -- this split is a secondary approximation layered on top of the primary total estimate, not independently estimated."
BLK,16421.5,6744.5,median_model_revenue+employees,sector:Financials,20,"Tier 2 ESTIMATE (LSEG median-model style), NOT a disclosure -- see pipeline/tier2_estimation/estimate_tier2.py. Peer group: sector = 'Financials' (20 Tier 1 peers, floor=5). Revenue-based: median peer tCO2e/$ revenue (9.25042e-07) x this company's revenue ($27,299,000,320) = 25,253 tCO2e. Employee-based: median peer tCO2e/employee (0.804557) x this company's employee count (26,200) = 21,079 tCO2e. Final estimate is the average of the available method(s): 23,166 tCO2e. Split into scope1/scope2 using the peer group's median scope1-share (70.89%) -- this split is a secondary approximation layered on top of the primary total estimate, not independently estimated."
BX,6583.5,2703.9,median_model_revenue+employees,sector:Financials,20,"Tier 2 ESTIMATE (LSEG median-model style), NOT a disclosure -- see pipeline/tier2_estimation/estimate_tier2.py. Peer group: sector = 'Financials' (20 Tier 1 peers, floor=5). Revenue-based: median peer tCO2e/$ revenue (9.25042e-07) x this company's revenue ($15,483,307,008) = 14,323 tCO2e. Employee-based: median peer tCO2e/employee (0.804557) x this company's employee count (5,285) = 4,252 tCO2e. Final estimate is the average of the available method(s): 9,287 tCO2e. Split into scope1/scope2 using the peer group's median scope1-share (70.89%) -- this split is a secondary approximation layered on top of the primary total estimate, not independently estimated."
BNY,20281.1,8329.7,median_model_revenue+employees,sector:Financials,20,"Tier 2 ESTIMATE (LSEG median-model style), NOT a disclosure -- see pipeline/tier2_estimation/estimate_tier2.py. Peer group: sector = 'Financials' (20 Tier 1 peers, floor=5). Revenue-based: median peer tCO2e/$ revenue (9.25042e-07) x this company's revenue ($21,415,000,064) = 19,810 tCO2e. Employee-based: median peer tCO2e/employee (0.804557) x this company's employee count (46,500) = 37,412 tCO2e. Final estimate is the average of the available method(s): 28,611 tCO2e. Split into scope1/scope2 using the peer group's median scope1-share (70.89%) -- this split is a secondary approximation layered on top of the primary total estimate, not independently estimated."
BKNG,68052.6,83656.7,median_model_revenue+employees,sector:Consumer Discretionary,21,"Tier 2 ESTIMATE (LSEG median-model style), NOT a disclosure -- see pipeline/tier2_estimation/estimate_tier2.py. Peer group: sector = 'Consumer Discretionary' (21 Tier 1 peers, floor=5). Revenue-based: median peer tCO2e/$ revenue (8.12116e-06) x this company's revenue ($28,241,000,448) = 229,350 tCO2e. Employee-based: median peer tCO2e/employee (2.89897) x this company's employee count (25,550) = 74,069 tCO2e. Final estimate is the average of the available method(s): 151,709 tCO2e. Split into scope1/scope2 using the peer group's median scope1-share (44.86%) -- this split is a secondary approximation layered on top of the primary total estimate, not independently estimated."
BR,82710.9,27329.4,median_model_revenue+employees,sector:Industrials,38,"Tier 2 ESTIMATE (LSEG median-model style), NOT a disclosure -- see pipeline/tier2_estimation/estimate_tier2.py. Peer group: sector = 'Industrials' (38 Tier 1 peers, floor=5). Revenue-based: median peer tCO2e/$ revenue (1.47256e-05) x this company's revenue ($7,476,800,000) = 110,101 tCO2e. Employee-based: median peer tCO2e/employee (6.87376) x this company's employee count (16,000) = 109,980 tCO2e. Final estimate is the average of the available method(s): 110,040 tCO2e. Split into scope1/scope2 using the peer group's median scope1-share (75.16%) -- this split is a secondary approximation layered on top of the primary total estimate, not independently estimated."
CAH,400601.4,324639.0,median_model_revenue+employees,sector:Health Care,23,"Tier 2 ESTIMATE (LSEG median-model style), NOT a disclosure -- see pipeline/tier2_estimation/estimate_tier2.py. Peer group: sector = 'Health Care' (23 Tier 1 peers, floor=5). Revenue-based: median peer tCO2e/$ revenue (4.88288e-06) x this company's revenue ($254,247,993,344) = 1,241,463 tCO2e. Employee-based: median peer tCO2e/employee (3.55545) x this company's employee count (58,788) = 209,018 tCO2e. Final estimate is the average of the available method(s): 725,240 tCO2e. Split into scope1/scope2 using the peer group's median scope1-share (55.24%) -- this split is a secondary approximation layered on top of the primary total estimate, not independently estimated."
BLDR,152294.5,50321.3,median_model_revenue+employees,sector:Industrials,38,"Tier 2 ESTIMATE (LSEG median-model style), NOT a disclosure -- see pipeline/tier2_estimation/estimate_tier2.py. Peer group: sector = 'Industrials' (38 Tier 1 peers, floor=5). Revenue-based: median peer tCO2e/$ revenue (1.47256e-05) x this company's revenue ($14,448,703,488) = 212,766 tCO2e. Employee-based: median peer tCO2e/employee (6.87376) x this company's employee count (28,000) = 192,465 tCO2e. Final estimate is the average of the available method(s): 202,616 tCO2e. Split into scope1/scope2 using the peer group's median scope1-share (75.16%) -- this split is a secondary approximation layered on top of the primary total estimate, not independently estimated."
BF.B,49747.9,7521.4,median_model_revenue+employees,sector:Consumer Staples,23,"Tier 2 ESTIMATE (LSEG median-model style), NOT a disclosure -- see pipeline/tier2_estimation/estimate_tier2.py. Peer group: sector = 'Consumer Staples' (23 Tier 1 peers, floor=5). Revenue-based: median peer tCO2e/$ revenue (1.61029e-05) x this company's revenue ($3,915,000,064) = 63,043 tCO2e. Employee-based: median peer tCO2e/employee (10.5093) x this company's employee count (4,900) = 51,495 tCO2e. Final estimate is the average of the available method(s): 57,269 tCO2e. Split into scope1/scope2 using the peer group's median scope1-share (86.87%) -- this split is a secondary approximation layered on top of the primary total estimate, not independently estimated."
CASY,237815.9,35955.3,median_model_revenue+employees,sector:Consumer Staples,23,"Tier 2 ESTIMATE (LSEG median-model style), NOT a disclosure -- see pipeline/tier2_estimation/estimate_tier2.py. Peer group: sector = 'Consumer Staples' (23 Tier 1 peers, floor=5). Revenue-based: median peer tCO2e/$ revenue (1.61029e-05) x this company's revenue ($18,672,330,752) = 300,679 tCO2e. Employee-based: median peer tCO2e/employee (10.5093) x this company's employee count (23,490) = 246,863 tCO2e. Final estimate is the average of the available method(s): 273,771 tCO2e. Split into scope1/scope2 using the peer group's median scope1-share (86.87%) -- this split is a secondary approximation layered on top of the primary total estimate, not independently estimated."
CNC,303152.3,245668.3,median_model_revenue+employees,sector:Health Care,23,"Tier 2 ESTIMATE (LSEG median-model style), NOT a disclosure -- see pipeline/tier2_estimation/estimate_tier2.py. Peer group: sector = 'Health Care' (23 Tier 1 peers, floor=5). Revenue-based: median peer tCO2e/$ revenue (4.88288e-06) x this company's revenue ($180,304,003,072) = 880,403 tCO2e. Employee-based: median peer tCO2e/employee (3.55545) x this company's employee count (61,100) = 217,238 tCO2e. Final estimate is the average of the available method(s): 548,821 tCO2e. Split into scope1/scope2 using the peer group's median scope1-share (55.24%) -- this split is a secondary approximation layered on top of the primary total estimate, not independently estimated."
BRO,8711.3,3577.8,median_model_revenue+employees,sector:Financials,20,"Tier 2 ESTIMATE (LSEG median-model style), NOT a disclosure -- see pipeline/tier2_estimation/estimate_tier2.py. Peer group: sector = 'Financials' (20 Tier 1 peers, floor=5). Revenue-based: median peer tCO2e/$ revenue (9.25042e-07) x this company's revenue ($6,663,000,064) = 6,164 tCO2e. Employee-based: median peer tCO2e/employee (0.804557) x this company's employee count (22,888) = 18,415 tCO2e. Final estimate is the average of the available method(s): 12,289 tCO2e. Split into scope1/scope2 using the peer group's median scope1-share (70.89%) -- this split is a secondary approximation layered on top of the primary total estimate, not independently estimated."
BG,797379.9,120555.7,median_model_revenue+employees,sector:Consumer Staples,23,"Tier 2 ESTIMATE (LSEG median-model style), NOT a disclosure -- see pipeline/tier2_estimation/estimate_tier2.py. Peer group: sector = 'Consumer Staples' (23 Tier 1 peers, floor=5). Revenue-based: median peer tCO2e/$ revenue (1.61029e-05) x this company's revenue ($91,818,999,808) = 1,478,556 tCO2e. Employee-based: median peer tCO2e/employee (10.5093) x this company's employee count (34,000) = 357,316 tCO2e. Final estimate is the average of the available method(s): 917,936 tCO2e. Split into scope1/scope2 using the peer group's median scope1-share (86.87%) -- this split is a secondary approximation layered on top of the primary total estimate, not independently estimated."
CPT,3917.2,6962.6,median_model_revenue+employees,sector:Real Estate,8,"Tier 2 ESTIMATE (LSEG median-model style), NOT a disclosure -- see pipeline/tier2_estimation/estimate_tier2.py. Peer group: sector = 'Real Estate' (8 Tier 1 peers, floor=5). Revenue-based: median peer tCO2e/$ revenue (9.26543e-06) x this company's revenue ($1,581,868,032) = 14,657 tCO2e. Employee-based: median peer tCO2e/employee (4.331) x this company's employee count (1,640) = 7,103 tCO2e. Final estimate is the average of the available method(s): 10,880 tCO2e. Split into scope1/scope2 using the peer group's median scope1-share (36.00%) -- this split is a secondary approximation layered on top of the primary total estimate, not independently estimated."
COF,38130.1,15660.5,median_model_revenue+employees,sector:Financials,20,"Tier 2 ESTIMATE (LSEG median-model style), NOT a disclosure -- see pipeline/tier2_estimation/estimate_tier2.py. Peer group: sector = 'Financials' (20 Tier 1 peers, floor=5). Revenue-based: median peer tCO2e/$ revenue (9.25042e-07) x this company's revenue ($48,109,998,080) = 44,504 tCO2e. Employee-based: median peer tCO2e/employee (0.804557) x this company's employee count (78,400) = 63,077 tCO2e. Final estimate is the average of the available method(s): 53,791 tCO2e. Split into scope1/scope2 using the peer group's median scope1-share (70.89%) -- this split is a secondary approximation layered on top of the primary total estimate, not independently estimated."
CCL,153777.9,189038.4,median_model_revenue+employees,sector:Consumer Discretionary,21,"Tier 2 ESTIMATE (LSEG median-model style), NOT a disclosure -- see pipeline/tier2_estimation/estimate_tier2.py. Peer group: sector = 'Consumer Discretionary' (21 Tier 1 peers, floor=5). Revenue-based: median peer tCO2e/$ revenue (8.12116e-06) x this company's revenue ($27,310,999,552) = 221,797 tCO2e. Employee-based: median peer tCO2e/employee (2.89897) x this company's employee count (160,000) = 463,836 tCO2e. Final estimate is the average of the available method(s): 342,816 tCO2e. Split into scope1/scope2 using the peer group's median scope1-share (44.86%) -- this split is a secondary approximation layered on top of the primary total estimate, not independently estimated."
CBOE,2133.1,876.1,median_model_revenue+employees,sector:Financials,20,"Tier 2 ESTIMATE (LSEG median-model style), NOT a disclosure -- see pipeline/tier2_estimation/estimate_tier2.py. Peer group: sector = 'Financials' (20 Tier 1 peers, floor=5). Revenue-based: median peer tCO2e/$ revenue (9.25042e-07) x this company's revenue ($5,061,300,224) = 4,682 tCO2e. Employee-based: median peer tCO2e/employee (0.804557) x this company's employee count (1,661) = 1,336 tCO2e. Final estimate is the average of the available method(s): 3,009 tCO2e. Split into scope1/scope2 using the peer group's median scope1-share (70.89%) -- this split is a secondary approximation layered on top of the primary total estimate, not independently estimated."
CVNA,60661.9,74571.3,median_model_revenue+employees,sector:Consumer Discretionary,21,"Tier 2 ESTIMATE (LSEG median-model style), NOT a disclosure -- see pipeline/tier2_estimation/estimate_tier2.py. Peer group: sector = 'Consumer Discretionary' (21 Tier 1 peers, floor=5). Revenue-based: median peer tCO2e/$ revenue (8.12116e-06) x this company's revenue ($25,058,000,896) = 203,500 tCO2e. Employee-based: median peer tCO2e/employee (2.89897) x this company's employee count (23,100) = 66,966 tCO2e. Final estimate is the average of the available method(s): 135,233 tCO2e. Split into scope1/scope2 using the peer group's median scope1-share (44.86%) -- this split is a secondary approximation layered on top of the primary total estimate, not independently estimated."
BXP,5965.2,10602.8,median_model_revenue+employees,sector:Real Estate,8,"Tier 2 ESTIMATE (LSEG median-model style), NOT a disclosure -- see pipeline/tier2_estimation/estimate_tier2.py. Peer group: sector = 'Real Estate' (8 Tier 1 peers, floor=5). Revenue-based: median peer tCO2e/$ revenue (9.26543e-06) x this company's revenue ($3,190,220,032) = 29,559 tCO2e. Employee-based: median peer tCO2e/employee (4.331) x this company's employee count (826) = 3,577 tCO2e. Final estimate is the average of the available method(s): 16,568 tCO2e. Split into scope1/scope2 using the peer group's median scope1-share (36.00%) -- this split is a secondary approximation layered on top of the primary total estimate, not independently estimated."
CDW,16965.1,42693.1,median_model_revenue+employees,sector:Information Technology,37,"Tier 2 ESTIMATE (LSEG median-model style), NOT a disclosure -- see pipeline/tier2_estimation/estimate_tier2.py. Peer group: sector = 'Information Technology' (37 Tier 1 peers, floor=5). Revenue-based: median peer tCO2e/$ revenue (3.55838e-06) x this company's revenue ($23,500,400,640) = 83,623 tCO2e. Employee-based: median peer tCO2e/employee (2.41167) x this company's employee count (14,800) = 35,693 tCO2e. Final estimate is the average of the available method(s): 59,658 tCO2e. Split into scope1/scope2 using the peer group's median scope1-share (28.44%) -- this split is a secondary approximation layered on top of the primary total estimate, not independently estimated."
CRL,23362.9,18932.8,median_model_revenue+employees,sector:Health Care,23,"Tier 2 ESTIMATE (LSEG median-model style), NOT a disclosure -- see pipeline/tier2_estimation/estimate_tier2.py. Peer group: sector = 'Health Care' (23 Tier 1 peers, floor=5). Revenue-based: median peer tCO2e/$ revenue (4.88288e-06) x this company's revenue ($3,998,987,008) = 19,527 tCO2e. Employee-based: median peer tCO2e/employee (3.55545) x this company's employee count (18,300) = 65,065 tCO2e. Final estimate is the average of the available method(s): 42,296 tCO2e. Split into scope1/scope2 using the peer group's median scope1-share (55.24%) -- this split is a secondary approximation layered on top of the primary total estimate, not independently estimated."
SCHW,18142.5,7451.4,median_model_revenue+employees,sector:Financials,20,"Tier 2 ESTIMATE (LSEG median-model style), NOT a disclosure -- see pipeline/tier2_estimation/estimate_tier2.py. Peer group: sector = 'Financials' (20 Tier 1 peers, floor=5). Revenue-based: median peer tCO2e/$ revenue (9.25042e-07) x this company's revenue ($26,025,000,960) = 24,074 tCO2e. Employee-based: median peer tCO2e/employee (0.804557) x this company's employee count (33,700) = 27,114 tCO2e. Final estimate is the average of the available method(s): 25,594 tCO2e. Split into scope1/scope2 using the peer group's median scope1-share (70.89%) -- this split is a secondary approximation layered on top of the primary total estimate, not independently estimated."
CHTR,263295.0,270340.1,median_model_revenue+employees,sector:Communication Services,6,"Tier 2 ESTIMATE (LSEG median-model style), NOT a disclosure -- see pipeline/tier2_estimation/estimate_tier2.py. Peer group: sector = 'Communication Services' (6 Tier 1 peers, floor=5). Revenue-based: median peer tCO2e/$ revenue (6.65458e-06) x this company's revenue ($54,395,998,208) = 361,983 tCO2e. Employee-based: median peer tCO2e/employee (7.67451) x this company's employee count (91,900) = 705,287 tCO2e. Final estimate is the average of the available method(s): 533,635 tCO2e. Split into scope1/scope2 using the peer group's median scope1-share (49.34%) -- this split is a secondary approximation layered on top of the primary total estimate, not independently estimated."
CMG,113657.4,139718.4,median_model_revenue+employees,sector:Consumer Discretionary,21,"Tier 2 ESTIMATE (LSEG median-model style), NOT a disclosure -- see pipeline/tier2_estimation/estimate_tier2.py. Peer group: sector = 'Consumer Discretionary' (21 Tier 1 peers, floor=5). Revenue-based: median peer tCO2e/$ revenue (8.12116e-06) x this company's revenue ($12,423,758,848) = 100,895 tCO2e. Employee-based: median peer tCO2e/employee (2.89897) x this company's employee count (140,000) = 405,856 tCO2e. Final estimate is the average of the available method(s): 253,376 tCO2e. Split into scope1/scope2 using the peer group's median scope1-share (44.86%) -- this split is a secondary approximation layered on top of the primary total estimate, not independently estimated."
CIEN,6097.4,15344.4,median_model_revenue+employees,sector:Information Technology,37,"Tier 2 ESTIMATE (LSEG median-model style), NOT a disclosure -- see pipeline/tier2_estimation/estimate_tier2.py. Peer group: sector = 'Information Technology' (37 Tier 1 peers, floor=5). Revenue-based: median peer tCO2e/$ revenue (3.55838e-06) x this company's revenue ($6,020,894,208) = 21,425 tCO2e. Employee-based: median peer tCO2e/employee (2.41167) x this company's employee count (8,898) = 21,459 tCO2e. Final estimate is the average of the available method(s): 21,442 tCO2e. Split into scope1/scope2 using the peer group's median scope1-share (28.44%) -- this split is a secondary approximation layered on top of the primary total estimate, not independently estimated."
CB,33125.6,13605.1,median_model_revenue+employees,sector:Financials,20,"Tier 2 ESTIMATE (LSEG median-model style), NOT a disclosure -- see pipeline/tier2_estimation/estimate_tier2.py. Peer group: sector = 'Financials' (20 Tier 1 peers, floor=5). Revenue-based: median peer tCO2e/$ revenue (9.25042e-07) x this company's revenue ($61,895,999,488) = 57,256 tCO2e. Employee-based: median peer tCO2e/employee (0.804557) x this company's employee count (45,000) = 36,205 tCO2e. Final estimate is the average of the available method(s): 46,731 tCO2e. Split into scope1/scope2 using the peer group's median scope1-share (70.89%) -- this split is a secondary approximation layered on top of the primary total estimate, not independently estimated."
CINF,6201.8,2547.2,median_model_revenue+employees,sector:Financials,20,"Tier 2 ESTIMATE (LSEG median-model style), NOT a disclosure -- see pipeline/tier2_estimation/estimate_tier2.py. Peer group: sector = 'Financials' (20 Tier 1 peers, floor=5). Revenue-based: median peer tCO2e/$ revenue (9.25042e-07) x this company's revenue ($13,953,999,872) = 12,908 tCO2e. Employee-based: median peer tCO2e/employee (0.804557) x this company's employee count (5,705) = 4,590 tCO2e. Final estimate is the average of the available method(s): 8,749 tCO2e. Split into scope1/scope2 using the peer group's median scope1-share (70.89%) -- this split is a secondary approximation layered on top of the primary total estimate, not independently estimated."
C,89240.4,36652.1,median_model_revenue+employees,sector:Financials,20,"Tier 2 ESTIMATE (LSEG median-model style), NOT a disclosure -- see pipeline/tier2_estimation/estimate_tier2.py. Peer group: sector = 'Financials' (20 Tier 1 peers, floor=5). Revenue-based: median peer tCO2e/$ revenue (9.25042e-07) x this company's revenue ($81,711,996,928) = 75,587 tCO2e. Employee-based: median peer tCO2e/employee (0.804557) x this company's employee count (219,000) = 176,198 tCO2e. Final estimate is the average of the available method(s): 125,893 tCO2e. Split into scope1/scope2 using the peer group's median scope1-share (70.89%) -- this split is a secondary approximation layered on top of the primary total estimate, not independently estimated."
CTAS,186598.3,61656.0,median_model_revenue+employees,sector:Industrials,38,"Tier 2 ESTIMATE (LSEG median-model style), NOT a disclosure -- see pipeline/tier2_estimation/estimate_tier2.py. Peer group: sector = 'Industrials' (38 Tier 1 peers, floor=5). Revenue-based: median peer tCO2e/$ revenue (1.47256e-05) x this company's revenue ($11,264,760,832) = 165,881 tCO2e. Employee-based: median peer tCO2e/employee (6.87376) x this company's employee count (48,100) = 330,628 tCO2e. Final estimate is the average of the available method(s): 248,254 tCO2e. Split into scope1/scope2 using the peer group's median scope1-share (75.16%) -- this split is a secondary approximation layered on top of the primary total estimate, not independently estimated."
CFG,7730.7,3175.1,median_model_revenue+employees,sector:Financials,20,"Tier 2 ESTIMATE (LSEG median-model style), NOT a disclosure -- see pipeline/tier2_estimation/estimate_tier2.py. Peer group: sector = 'Financials' (20 Tier 1 peers, floor=5). Revenue-based: median peer tCO2e/$ revenue (9.25042e-07) x this company's revenue ($8,160,999,936) = 7,549 tCO2e. Employee-based: median peer tCO2e/employee (0.804557) x this company's employee count (17,727) = 14,262 tCO2e. Final estimate is the average of the available method(s): 10,906 tCO2e. Split into scope1/scope2 using the peer group's median scope1-share (70.89%) -- this split is a secondary approximation layered on top of the primary total estimate, not independently estimated."
CME,3320.4,1363.7,median_model_revenue+employees,sector:Financials,20,"Tier 2 ESTIMATE (LSEG median-model style), NOT a disclosure -- see pipeline/tier2_estimation/estimate_tier2.py. Peer group: sector = 'Financials' (20 Tier 1 peers, floor=5). Revenue-based: median peer tCO2e/$ revenue (9.25042e-07) x this company's revenue ($6,757,199,872) = 6,251 tCO2e. Employee-based: median peer tCO2e/employee (0.804557) x this company's employee count (3,875) = 3,118 tCO2e. Final estimate is the average of the available method(s): 4,684 tCO2e. Split into scope1/scope2 using the peer group's median scope1-share (70.89%) -- this split is a secondary approximation layered on top of the primary total estimate, not independently estimated."
COIN,3393.4,1393.7,median_model_revenue+employees,sector:Financials,20,"Tier 2 ESTIMATE (LSEG median-model style), NOT a disclosure -- see pipeline/tier2_estimation/estimate_tier2.py. Peer group: sector = 'Financials' (20 Tier 1 peers, floor=5). Revenue-based: median peer tCO2e/$ revenue (9.25042e-07) x this company's revenue ($6,043,752,960) = 5,591 tCO2e. Employee-based: median peer tCO2e/employee (0.804557) x this company's employee count (4,951) = 3,983 tCO2e. Final estimate is the average of the available method(s): 4,787 tCO2e. Split into scope1/scope2 using the peer group's median scope1-share (70.89%) -- this split is a secondary approximation layered on top of the primary total estimate, not independently estimated."
CMCSA,543953.0,558507.8,median_model_revenue+employees,sector:Communication Services,6,"Tier 2 ESTIMATE (LSEG median-model style), NOT a disclosure -- see pipeline/tier2_estimation/estimate_tier2.py. Peer group: sector = 'Communication Services' (6 Tier 1 peers, floor=5). Revenue-based: median peer tCO2e/$ revenue (6.65458e-06) x this company's revenue ($124,903,997,440) = 831,184 tCO2e. Employee-based: median peer tCO2e/employee (7.67451) x this company's employee count (179,000) = 1,373,737 tCO2e. Final estimate is the average of the available method(s): 1,102,461 tCO2e. Split into scope1/scope2 using the peer group's median scope1-share (49.34%) -- this split is a secondary approximation layered on top of the primary total estimate, not independently estimated."
FIX,120779.1,39908.0,median_model_revenue+employees,sector:Industrials,38,"Tier 2 ESTIMATE (LSEG median-model style), NOT a disclosure -- see pipeline/tier2_estimation/estimate_tier2.py. Peer group: sector = 'Industrials' (38 Tier 1 peers, floor=5). Revenue-based: median peer tCO2e/$ revenue (1.47256e-05) x this company's revenue ($11,228,023,808) = 165,340 tCO2e. Employee-based: median peer tCO2e/employee (6.87376) x this company's employee count (22,700) = 156,034 tCO2e. Final estimate is the average of the available method(s): 160,687 tCO2e. Split into scope1/scope2 using the peer group's median scope1-share (75.16%) -- this split is a secondary approximation layered on top of the primary total estimate, not independently estimated."
STZ,106249.5,16063.8,median_model_revenue+employees,sector:Consumer Staples,23,"Tier 2 ESTIMATE (LSEG median-model style), NOT a disclosure -- see pipeline/tier2_estimation/estimate_tier2.py. Peer group: sector = 'Consumer Staples' (23 Tier 1 peers, floor=5). Revenue-based: median peer tCO2e/$ revenue (1.61029e-05) x this company's revenue ($9,056,700,416) = 145,839 tCO2e. Employee-based: median peer tCO2e/employee (10.5093) x this company's employee count (9,400) = 98,787 tCO2e. Final estimate is the average of the available method(s): 122,313 tCO2e. Split into scope1/scope2 using the peer group's median scope1-share (86.87%) -- this split is a secondary approximation layered on top of the primary total estimate, not independently estimated."
COO,20443.2,16566.8,median_model_revenue+employees,sector:Health Care,23,"Tier 2 ESTIMATE (LSEG median-model style), NOT a disclosure -- see pipeline/tier2_estimation/estimate_tier2.py. Peer group: sector = 'Health Care' (23 Tier 1 peers, floor=5). Revenue-based: median peer tCO2e/$ revenue (4.88288e-06) x this company's revenue ($4,236,900,096) = 20,688 tCO2e. Employee-based: median peer tCO2e/employee (3.55545) x this company's employee count (15,000) = 53,332 tCO2e. Final estimate is the average of the available method(s): 37,010 tCO2e. Split into scope1/scope2 using the peer group's median scope1-share (55.24%) -- this split is a secondary approximation layered on top of the primary total estimate, not independently estimated."
CPRT,51647.5,17065.4,median_model_revenue,sector:Industrials,38,"Tier 2 ESTIMATE (LSEG median-model style), NOT a disclosure -- see pipeline/tier2_estimation/estimate_tier2.py. Peer group: sector = 'Industrials' (38 Tier 1 peers, floor=5). Revenue-based: median peer tCO2e/$ revenue (1.47256e-05) x this company's revenue ($4,666,208,768) = 68,713 tCO2e. Final estimate is the average of the available method(s): 68,713 tCO2e. Split into scope1/scope2 using the peer group's median scope1-share (75.16%) -- this split is a secondary approximation layered on top of the primary total estimate, not independently estimated."
CPAY,5010.9,2058.0,median_model_revenue+employees,sector:Financials,20,"Tier 2 ESTIMATE (LSEG median-model style), NOT a disclosure -- see pipeline/tier2_estimation/estimate_tier2.py. Peer group: sector = 'Financials' (20 Tier 1 peers, floor=5). Revenue-based: median peer tCO2e/$ revenue (9.25042e-07) x this company's revenue ($5,020,502,016) = 4,644 tCO2e. Employee-based: median peer tCO2e/employee (0.804557) x this company's employee count (11,800) = 9,494 tCO2e. Final estimate is the average of the available method(s): 7,069 tCO2e. Split into scope1/scope2 using the peer group's median scope1-share (70.89%) -- this split is a secondary approximation layered on top of the primary total estimate, not independently estimated."
COST,3609864.2,545774.6,median_model_revenue+employees,sector:Consumer Staples,23,"Tier 2 ESTIMATE (LSEG median-model style), NOT a disclosure -- see pipeline/tier2_estimation/estimate_tier2.py. Peer group: sector = 'Consumer Staples' (23 Tier 1 peers, floor=5). Revenue-based: median peer tCO2e/$ revenue (1.61029e-05) x this company's revenue ($293,586,993,152) = 4,727,613 tCO2e. Employee-based: median peer tCO2e/employee (10.5093) x this company's employee count (341,000) = 3,583,665 tCO2e. Final estimate is the average of the available method(s): 4,155,639 tCO2e. Split into scope1/scope2 using the peer group's median scope1-share (86.87%) -- this split is a secondary approximation layered on top of the primary total estimate, not independently estimated."
CRWD,6744.2,16972.1,median_model_revenue+employees,sector:Information Technology,37,"Tier 2 ESTIMATE (LSEG median-model style), NOT a disclosure -- see pipeline/tier2_estimation/estimate_tier2.py. Peer group: sector = 'Information Technology' (37 Tier 1 peers, floor=5). Revenue-based: median peer tCO2e/$ revenue (3.55838e-06) x this company's revenue ($5,396,145,152) = 19,202 tCO2e. Employee-based: median peer tCO2e/employee (2.41167) x this company's employee count (11,706) = 28,231 tCO2e. Final estimate is the average of the available method(s): 23,716 tCO2e. Split into scope1/scope2 using the peer group's median scope1-share (28.44%) -- this split is a secondary approximation layered on top of the primary total estimate, not independently estimated."
CCI,8110.0,14415.0,median_model_revenue+employees,sector:Real Estate,8,"Tier 2 ESTIMATE (LSEG median-model style), NOT a disclosure -- see pipeline/tier2_estimation/estimate_tier2.py. Peer group: sector = 'Real Estate' (8 Tier 1 peers, floor=5). Revenue-based: median peer tCO2e/$ revenue (9.26543e-06) x this company's revenue ($4,160,999,936) = 38,553 tCO2e. Employee-based: median peer tCO2e/employee (4.331) x this company's employee count (1,500) = 6,497 tCO2e. Final estimate is the average of the available method(s): 22,525 tCO2e. Split into scope1/scope2 using the peer group's median scope1-share (36.00%) -- this split is a secondary approximation layered on top of the primary total estimate, not independently estimated."
CVS,771534.5,625235.6,median_model_revenue+employees,sector:Health Care,23,"Tier 2 ESTIMATE (LSEG median-model style), NOT a disclosure -- see pipeline/tier2_estimation/estimate_tier2.py. Peer group: sector = 'Health Care' (23 Tier 1 peers, floor=5). Revenue-based: median peer tCO2e/$ revenue (4.88288e-06) x this company's revenue ($412,644,999,168) = 2,014,897 tCO2e. Employee-based: median peer tCO2e/employee (3.55545) x this company's employee count (219,000) = 778,643 tCO2e. Final estimate is the average of the available method(s): 1,396,770 tCO2e. Split into scope1/scope2 using the peer group's median scope1-share (55.24%) -- this split is a secondary approximation layered on top of the primary total estimate, not independently estimated."
DDOG,1321.7,4615.7,median_model_revenue+employees,sub_industry:Application Software,7,"Tier 2 ESTIMATE (LSEG median-model style), NOT a disclosure -- see pipeline/tier2_estimation/estimate_tier2.py. Peer group: sub_industry = 'Application Software' (7 Tier 1 peers, floor=5). Revenue-based: median peer tCO2e/$ revenue (1.17089e-06) x this company's revenue ($3,966,725,120) = 4,645 tCO2e. Employee-based: median peer tCO2e/employee (0.89262) x this company's employee count (8,100) = 7,230 tCO2e. Final estimate is the average of the available method(s): 5,937 tCO2e. Split into scope1/scope2 using the peer group's median scope1-share (22.26%) -- this split is a secondary approximation layered on top of the primary total estimate, not independently estimated."
DECK,13969.0,17172.0,median_model_revenue+employees,sector:Consumer Discretionary,21,"Tier 2 ESTIMATE (LSEG median-model style), NOT a disclosure -- see pipeline/tier2_estimation/estimate_tier2.py. Peer group: sector = 'Consumer Discretionary' (21 Tier 1 peers, floor=5). Revenue-based: median peer tCO2e/$ revenue (8.12116e-06) x this company's revenue ($5,527,288,832) = 44,888 tCO2e. Employee-based: median peer tCO2e/employee (2.89897) x this company's employee count (6,000) = 17,394 tCO2e. Final estimate is the average of the available method(s): 31,141 tCO2e. Split into scope1/scope2 using the peer group's median scope1-share (44.86%) -- this split is a secondary approximation layered on top of the primary total estimate, not independently estimated."
DELL,109760.1,276214.5,median_model_revenue+employees,sector:Information Technology,37,"Tier 2 ESTIMATE (LSEG median-model style), NOT a disclosure -- see pipeline/tier2_estimation/estimate_tier2.py. Peer group: sector = 'Information Technology' (37 Tier 1 peers, floor=5). Revenue-based: median peer tCO2e/$ revenue (3.55838e-06) x this company's revenue ($151,197,007,872) = 538,017 tCO2e. Employee-based: median peer tCO2e/employee (2.41167) x this company's employee count (97,000) = 233,932 tCO2e. Final estimate is the average of the available method(s): 385,975 tCO2e. Split into scope1/scope2 using the peer group's median scope1-share (28.44%) -- this split is a secondary approximation layered on top of the primary total estimate, not independently estimated."
DAL,643994.0,212789.2,median_model_revenue+employees,sector:Industrials,38,"Tier 2 ESTIMATE (LSEG median-model style), NOT a disclosure -- see pipeline/tier2_estimation/estimate_tier2.py. Peer group: sector = 'Industrials' (38 Tier 1 peers, floor=5). Revenue-based: median peer tCO2e/$ revenue (1.47256e-05) x this company's revenue ($68,287,000,576) = 1,005,569 tCO2e. Employee-based: median peer tCO2e/employee (6.87376) x this company's employee count (103,000) = 707,997 tCO2e. Final estimate is the average of the available method(s): 856,783 tCO2e. Split into scope1/scope2 using the peer group's median scope1-share (75.16%) -- this split is a secondary approximation layered on top of the primary total estimate, not independently estimated."
DXCM,7040.4,14948.3,median_model_revenue+employees,sub_industry:Health Care Equipment,5,"Tier 2 ESTIMATE (LSEG median-model style), NOT a disclosure -- see pipeline/tier2_estimation/estimate_tier2.py. Peer group: sub_industry = 'Health Care Equipment' (5 Tier 1 peers, floor=5). Revenue-based: median peer tCO2e/$ revenue (4.88288e-06) x this company's revenue ($4,969,200,128) = 24,264 tCO2e. Employee-based: median peer tCO2e/employee (1.79212) x this company's employee count (11,000) = 19,713 tCO2e. Final estimate is the average of the available method(s): 21,989 tCO2e. Split into scope1/scope2 using the peer group's median scope1-share (32.02%) -- this split is a secondary approximation layered on top of the primary total estimate, not independently estimated."
FANG,2298911.2,7252.5,median_model_revenue+employees,sub_industry:Oil & Gas Exploration & Production,6,"Tier 2 ESTIMATE (LSEG median-model style), NOT a disclosure -- see pipeline/tier2_estimation/estimate_tier2.py. Peer group: sub_industry = 'Oil & Gas Exploration & Production' (6 Tier 1 peers, floor=5). Revenue-based: median peer tCO2e/$ revenue (0.000202181) x this company's revenue ($16,248,000,512) = 3,285,040 tCO2e. Employee-based: median peer tCO2e/employee (753.284) x this company's employee count (1,762) = 1,327,287 tCO2e. Final estimate is the average of the available method(s): 2,306,164 tCO2e. Split into scope1/scope2 using the peer group's median scope1-share (99.69%) -- this split is a secondary approximation layered on top of the primary total estimate, not independently estimated."
DLR,14609.2,25966.9,median_model_revenue+employees,sector:Real Estate,8,"Tier 2 ESTIMATE (LSEG median-model style), NOT a disclosure -- see pipeline/tier2_estimation/estimate_tier2.py. Peer group: sector = 'Real Estate' (8 Tier 1 peers, floor=5). Revenue-based: median peer tCO2e/$ revenue (9.26543e-06) x this company's revenue ($6,757,036,032) = 62,607 tCO2e. Employee-based: median peer tCO2e/employee (4.331) x this company's employee count (4,282) = 18,545 tCO2e. Final estimate is the average of the available method(s): 40,576 tCO2e. Split into scope1/scope2 using the peer group's median scope1-share (36.00%) -- this split is a secondary approximation layered on top of the primary total estimate, not independently estimated."
DG,1190724.8,180025.4,median_model_revenue+employees,sector:Consumer Staples,23,"Tier 2 ESTIMATE (LSEG median-model style), NOT a disclosure -- see pipeline/tier2_estimation/estimate_tier2.py. Peer group: sector = 'Consumer Staples' (23 Tier 1 peers, floor=5). Revenue-based: median peer tCO2e/$ revenue (1.61029e-05) x this company's revenue ($43,637,997,568) = 702,700 tCO2e. Employee-based: median peer tCO2e/employee (10.5093) x this company's employee count (194,000) = 2,038,800 tCO2e. Final estimate is the average of the available method(s): 1,370,750 tCO2e. Split into scope1/scope2 using the peer group's median scope1-share (86.87%) -- this split is a secondary approximation layered on top of the primary total estimate, not independently estimated."
DPZ,13189.2,16213.4,median_model_revenue+employees,sector:Consumer Discretionary,21,"Tier 2 ESTIMATE (LSEG median-model style), NOT a disclosure -- see pipeline/tier2_estimation/estimate_tier2.py. Peer group: sector = 'Consumer Discretionary' (21 Tier 1 peers, floor=5). Revenue-based: median peer tCO2e/$ revenue (8.12116e-06) x this company's revenue ($5,027,814,912) = 40,832 tCO2e. Employee-based: median peer tCO2e/employee (2.89897) x this company's employee count (6,200) = 17,974 tCO2e. Final estimate is the average of the available method(s): 29,403 tCO2e. Split into scope1/scope2 using the peer group's median scope1-share (44.86%) -- this split is a secondary approximation layered on top of the primary total estimate, not independently estimated."
DASH,49361.2,60679.4,median_model_revenue+employees,sector:Consumer Discretionary,21,"Tier 2 ESTIMATE (LSEG median-model style), NOT a disclosure -- see pipeline/tier2_estimation/estimate_tier2.py. Peer group: sector = 'Consumer Discretionary' (21 Tier 1 peers, floor=5). Revenue-based: median peer tCO2e/$ revenue (8.12116e-06) x this company's revenue ($15,891,000,320) = 129,053 tCO2e. Employee-based: median peer tCO2e/employee (2.89897) x this company's employee count (31,400) = 91,028 tCO2e. Final estimate is the average of the available method(s): 110,041 tCO2e. Split into scope1/scope2 using the peer group's median scope1-share (44.86%) -- this split is a secondary approximation layered on top of the primary total estimate, not independently estimated."
DHI,70070.4,86137.1,median_model_revenue+employees,sector:Consumer Discretionary,21,"Tier 2 ESTIMATE (LSEG median-model style), NOT a disclosure -- see pipeline/tier2_estimation/estimate_tier2.py. Peer group: sector = 'Consumer Discretionary' (21 Tier 1 peers, floor=5). Revenue-based: median peer tCO2e/$ revenue (8.12116e-06) x this company's revenue ($33,350,000,640) = 270,841 tCO2e. Employee-based: median peer tCO2e/employee (2.89897) x this company's employee count (14,341) = 41,574 tCO2e. Final estimate is the average of the available method(s): 156,207 tCO2e. Split into scope1/scope2 using the peer group's median scope1-share (44.86%) -- this split is a secondary approximation layered on top of the primary total estimate, not independently estimated."
ECHO,46966.0,48222.7,median_model_revenue+employees,sector:Communication Services,6,"Tier 2 ESTIMATE (LSEG median-model style), NOT a disclosure -- see pipeline/tier2_estimation/estimate_tier2.py. Peer group: sector = 'Communication Services' (6 Tier 1 peers, floor=5). Revenue-based: median peer tCO2e/$ revenue (6.65458e-06) x this company's revenue ($14,653,925,376) = 97,516 tCO2e. Employee-based: median peer tCO2e/employee (7.67451) x this company's employee count (12,100) = 92,862 tCO2e. Final estimate is the average of the available method(s): 95,189 tCO2e. Split into scope1/scope2 using the peer group's median scope1-share (49.34%) -- this split is a secondary approximation layered on top of the primary total estimate, not independently estimated."
ELV,365613.4,296285.5,median_model_revenue+employees,sector:Health Care,23,"Tier 2 ESTIMATE (LSEG median-model style), NOT a disclosure -- see pipeline/tier2_estimation/estimate_tier2.py. Peer group: sector = 'Health Care' (23 Tier 1 peers, floor=5). Revenue-based: median peer tCO2e/$ revenue (4.88288e-06) x this company's revenue ($201,113,993,216) = 982,016 tCO2e. Employee-based: median peer tCO2e/employee (3.55545) x this company's employee count (96,129) = 341,782 tCO2e. Final estimate is the average of the available method(s): 661,899 tCO2e. Split into scope1/scope2 using the peer group's median scope1-share (55.24%) -- this split is a secondary approximation layered on top of the primary total estimate, not independently estimated."
EME,216589.1,71565.6,median_model_revenue+employees,sector:Industrials,38,"Tier 2 ESTIMATE (LSEG median-model style), NOT a disclosure -- see pipeline/tier2_estimation/estimate_tier2.py. Peer group: sector = 'Industrials' (38 Tier 1 peers, floor=5). Revenue-based: median peer tCO2e/$ revenue (1.47256e-05) x this company's revenue ($18,597,775,360) = 273,864 tCO2e. Employee-based: median peer tCO2e/employee (6.87376) x this company's employee count (44,000) = 302,445 tCO2e. Final estimate is the average of the available method(s): 288,155 tCO2e. Split into scope1/scope2 using the peer group's median scope1-share (75.16%) -- this split is a secondary approximation layered on top of the primary total estimate, not independently estimated."
EFX,74414.7,24588.2,median_model_revenue+employees,sector:Industrials,38,"Tier 2 ESTIMATE (LSEG median-model style), NOT a disclosure -- see pipeline/tier2_estimation/estimate_tier2.py. Peer group: sector = 'Industrials' (38 Tier 1 peers, floor=5). Revenue-based: median peer tCO2e/$ revenue (1.47256e-05) x this company's revenue ($6,444,499,968) = 94,899 tCO2e. Employee-based: median peer tCO2e/employee (6.87376) x this company's employee count (15,000) = 103,106 tCO2e. Final estimate is the average of the available method(s): 99,003 tCO2e. Split into scope1/scope2 using the peer group's median scope1-share (75.16%) -- this split is a secondary approximation layered on top of the primary total estimate, not independently estimated."
EQIX,27213.7,48370.7,median_model_revenue+employees,sector:Real Estate,8,"Tier 2 ESTIMATE (LSEG median-model style), NOT a disclosure -- see pipeline/tier2_estimation/estimate_tier2.py. Peer group: sector = 'Real Estate' (8 Tier 1 peers, floor=5). Revenue-based: median peer tCO2e/$ revenue (9.26543e-06) x this company's revenue ($9,904,000,000) = 91,765 tCO2e. Employee-based: median peer tCO2e/employee (4.331) x this company's employee count (13,716) = 59,404 tCO2e. Final estimate is the average of the available method(s): 75,584 tCO2e. Split into scope1/scope2 using the peer group's median scope1-share (36.00%) -- this split is a secondary approximation layered on top of the primary total estimate, not independently estimated."
ERIE,3251.8,1335.5,median_model_revenue+employees,sector:Financials,20,"Tier 2 ESTIMATE (LSEG median-model style), NOT a disclosure -- see pipeline/tier2_estimation/estimate_tier2.py. Peer group: sector = 'Financials' (20 Tier 1 peers, floor=5). Revenue-based: median peer tCO2e/$ revenue (9.25042e-07) x this company's revenue ($4,119,469,056) = 3,811 tCO2e. Employee-based: median peer tCO2e/employee (0.804557) x this company's employee count (6,667) = 5,364 tCO2e. Final estimate is the average of the available method(s): 4,587 tCO2e. Split into scope1/scope2 using the peer group's median scope1-share (70.89%) -- this split is a secondary approximation layered on top of the primary total estimate, not independently estimated."
ESS,4618.4,8209.0,median_model_revenue+employees,sector:Real Estate,8,"Tier 2 ESTIMATE (LSEG median-model style), NOT a disclosure -- see pipeline/tier2_estimation/estimate_tier2.py. Peer group: sector = 'Real Estate' (8 Tier 1 peers, floor=5). Revenue-based: median peer tCO2e/$ revenue (9.26543e-06) x this company's revenue ($1,980,775,936) = 18,353 tCO2e. Employee-based: median peer tCO2e/employee (4.331) x this company's employee count (1,686) = 7,302 tCO2e. Final estimate is the average of the available method(s): 12,827 tCO2e. Split into scope1/scope2 using the peer group's median scope1-share (36.00%) -- this split is a secondary approximation layered on top of the primary total estimate, not independently estimated."
EG,6390.0,2624.5,median_model_revenue+employees,sector:Financials,20,"Tier 2 ESTIMATE (LSEG median-model style), NOT a disclosure -- see pipeline/tier2_estimation/estimate_tier2.py. Peer group: sector = 'Financials' (20 Tier 1 peers, floor=5). Revenue-based: median peer tCO2e/$ revenue (9.25042e-07) x this company's revenue ($16,824,999,936) = 15,564 tCO2e. Employee-based: median peer tCO2e/employee (0.804557) x this company's employee count (3,064) = 2,465 tCO2e. Final estimate is the average of the available method(s): 9,015 tCO2e. Split into scope1/scope2 using the peer group's median scope1-share (70.89%) -- this split is a secondary approximation layered on top of the primary total estimate, not independently estimated."
ES,31654969.0,0.0,median_model_revenue+employees,sub_industry:Electric Utilities,14,"Tier 2 ESTIMATE (LSEG median-model style), NOT a disclosure -- see pipeline/tier2_estimation/estimate_tier2.py. Peer group: sub_industry = 'Electric Utilities' (14 Tier 1 peers, floor=5). Revenue-based: median peer tCO2e/$ revenue (0.00232571) x this company's revenue ($13,998,372,864) = 32,556,133 tCO2e. Employee-based: median peer tCO2e/employee (2865.88) x this company's employee count (10,731) = 30,753,805 tCO2e. Final estimate is the average of the available method(s): 31,654,969 tCO2e. Split into scope1/scope2 using the peer group's median scope1-share (100.00%) -- this split is a secondary approximation layered on top of the primary total estimate, not independently estimated."
EXE,1876313.0,5919.3,median_model_revenue+employees,sub_industry:Oil & Gas Exploration & Production,6,"Tier 2 ESTIMATE (LSEG median-model style), NOT a disclosure -- see pipeline/tier2_estimation/estimate_tier2.py. Peer group: sub_industry = 'Oil & Gas Exploration & Production' (6 Tier 1 peers, floor=5). Revenue-based: median peer tCO2e/$ revenue (0.000202181) x this company's revenue ($12,657,999,872) = 2,559,210 tCO2e. Employee-based: median peer tCO2e/employee (753.284) x this company's employee count (1,600) = 1,205,255 tCO2e. Final estimate is the average of the available method(s): 1,882,232 tCO2e. Split into scope1/scope2 using the peer group's median scope1-share (99.69%) -- this split is a secondary approximation layered on top of the primary total estimate, not independently estimated."
EXPE,39000.2,47942.7,median_model_revenue+employees,sector:Consumer Discretionary,21,"Tier 2 ESTIMATE (LSEG median-model style), NOT a disclosure -- see pipeline/tier2_estimation/estimate_tier2.py. Peer group: sector = 'Consumer Discretionary' (21 Tier 1 peers, floor=5). Revenue-based: median peer tCO2e/$ revenue (8.12116e-06) x this company's revenue ($15,699,999,744) = 127,502 tCO2e. Employee-based: median peer tCO2e/employee (2.89897) x this company's employee count (16,000) = 46,384 tCO2e. Final estimate is the average of the available method(s): 86,943 tCO2e. Split into scope1/scope2 using the peer group's median scope1-share (44.86%) -- this split is a secondary approximation layered on top of the primary total estimate, not independently estimated."
EXR,12400.3,22040.7,median_model_revenue+employees,sector:Real Estate,8,"Tier 2 ESTIMATE (LSEG median-model style), NOT a disclosure -- see pipeline/tier2_estimation/estimate_tier2.py. Peer group: sector = 'Real Estate' (8 Tier 1 peers, floor=5). Revenue-based: median peer tCO2e/$ revenue (9.26543e-06) x this company's revenue ($3,511,115,008) = 32,532 tCO2e. Employee-based: median peer tCO2e/employee (4.331) x this company's employee count (8,393) = 36,350 tCO2e. Final estimate is the average of the available method(s): 34,441 tCO2e. Split into scope1/scope2 using the peer group's median scope1-share (36.00%) -- this split is a secondary approximation layered on top of the primary total estimate, not independently estimated."
FFIV,3907.4,9833.0,median_model_revenue+employees,sector:Information Technology,37,"Tier 2 ESTIMATE (LSEG median-model style), NOT a disclosure -- see pipeline/tier2_estimation/estimate_tier2.py. Peer group: sector = 'Information Technology' (37 Tier 1 peers, floor=5). Revenue-based: median peer tCO2e/$ revenue (3.55838e-06) x this company's revenue ($3,309,331,968) = 11,776 tCO2e. Employee-based: median peer tCO2e/employee (2.41167) x this company's employee count (6,512) = 15,705 tCO2e. Final estimate is the average of the available method(s): 13,740 tCO2e. Split into scope1/scope2 using the peer group's median scope1-share (28.44%) -- this split is a secondary approximation layered on top of the primary total estimate, not independently estimated."
FDS,4419.3,1815.1,median_model_revenue+employees,sector:Financials,20,"Tier 2 ESTIMATE (LSEG median-model style), NOT a disclosure -- see pipeline/tier2_estimation/estimate_tier2.py. Peer group: sector = 'Financials' (20 Tier 1 peers, floor=5). Revenue-based: median peer tCO2e/$ revenue (9.25042e-07) x this company's revenue ($2,438,458,880) = 2,256 tCO2e. Employee-based: median peer tCO2e/employee (0.804557) x this company's employee count (12,694) = 10,213 tCO2e. Final estimate is the average of the available method(s): 6,234 tCO2e. Split into scope1/scope2 using the peer group's median scope1-share (70.89%) -- this split is a secondary approximation layered on top of the primary total estimate, not independently estimated."
FICO,697.0,2434.2,median_model_revenue+employees,sub_industry:Application Software,7,"Tier 2 ESTIMATE (LSEG median-model style), NOT a disclosure -- see pipeline/tier2_estimation/estimate_tier2.py. Peer group: sub_industry = 'Application Software' (7 Tier 1 peers, floor=5). Revenue-based: median peer tCO2e/$ revenue (1.17089e-06) x this company's revenue ($2,393,574,912) = 2,803 tCO2e. Employee-based: median peer tCO2e/employee (0.89262) x this company's employee count (3,876) = 3,460 tCO2e. Final estimate is the average of the available method(s): 3,131 tCO2e. Split into scope1/scope2 using the peer group's median scope1-share (22.26%) -- this split is a secondary approximation layered on top of the primary total estimate, not independently estimated."
FRT,2472.3,4394.3,median_model_revenue+employees,sector:Real Estate,8,"Tier 2 ESTIMATE (LSEG median-model style), NOT a disclosure -- see pipeline/tier2_estimation/estimate_tier2.py. Peer group: sector = 'Real Estate' (8 Tier 1 peers, floor=5). Revenue-based: median peer tCO2e/$ revenue (9.26543e-06) x this company's revenue ($1,335,422,976) = 12,373 tCO2e. Employee-based: median peer tCO2e/employee (4.331) x this company's employee count (314) = 1,360 tCO2e. Final estimate is the average of the available method(s): 6,867 tCO2e. Split into scope1/scope2 using the peer group's median scope1-share (36.00%) -- this split is a secondary approximation layered on top of the primary total estimate, not independently estimated."
FDXF,152005.4,50225.8,median_model_revenue+employees,sector:Industrials,38,"Tier 2 ESTIMATE (LSEG median-model style), NOT a disclosure -- see pipeline/tier2_estimation/estimate_tier2.py. Peer group: sector = 'Industrials' (38 Tier 1 peers, floor=5). Revenue-based: median peer tCO2e/$ revenue (1.47256e-05) x this company's revenue ($8,794,999,808) = 129,512 tCO2e. Employee-based: median peer tCO2e/employee (6.87376) x this company's employee count (40,000) = 274,950 tCO2e. Final estimate is the average of the available method(s): 202,231 tCO2e. Split into scope1/scope2 using the peer group's median scope1-share (75.16%) -- this split is a secondary approximation layered on top of the primary total estimate, not independently estimated."
FIS,16547.0,6796.0,median_model_revenue+employees,sector:Financials,20,"Tier 2 ESTIMATE (LSEG median-model style), NOT a disclosure -- see pipeline/tier2_estimation/estimate_tier2.py. Peer group: sector = 'Financials' (20 Tier 1 peers, floor=5). Revenue-based: median peer tCO2e/$ revenue (9.25042e-07) x this company's revenue ($12,199,999,488) = 11,286 tCO2e. Employee-based: median peer tCO2e/employee (0.804557) x this company's employee count (44,000) = 35,401 tCO2e. Final estimate is the average of the available method(s): 23,343 tCO2e. Split into scope1/scope2 using the peer group's median scope1-share (70.89%) -- this split is a secondary approximation layered on top of the primary total estimate, not independently estimated."
FTV,17620.8,36122.6,median_model_revenue+employees,sub_industry:Industrial Machinery & Supplies & Components,6,"Tier 2 ESTIMATE (LSEG median-model style), NOT a disclosure -- see pipeline/tier2_estimation/estimate_tier2.py. Peer group: sub_industry = 'Industrial Machinery & Supplies & Components' (6 Tier 1 peers, floor=5). Revenue-based: median peer tCO2e/$ revenue (1.29371e-05) x this company's revenue ($4,315,800,064) = 55,834 tCO2e. Employee-based: median peer tCO2e/employee (5.16531) x this company's employee count (10,000) = 51,653 tCO2e. Final estimate is the average of the available method(s): 53,743 tCO2e. Split into scope1/scope2 using the peer group's median scope1-share (32.79%) -- this split is a secondary approximation layered on top of the primary total estimate, not independently estimated."
FTNT,9113.9,22935.5,median_model_revenue+employees,sector:Information Technology,37,"Tier 2 ESTIMATE (LSEG median-model style), NOT a disclosure -- see pipeline/tier2_estimation/estimate_tier2.py. Peer group: sector = 'Information Technology' (37 Tier 1 peers, floor=5). Revenue-based: median peer tCO2e/$ revenue (3.55838e-06) x this company's revenue ($7,527,399,936) = 26,785 tCO2e. Employee-based: median peer tCO2e/employee (2.41167) x this company's employee count (15,472) = 37,313 tCO2e. Final estimate is the average of the available method(s): 32,049 tCO2e. Split into scope1/scope2 using the peer group's median scope1-share (28.44%) -- this split is a secondary approximation layered on top of the primary total estimate, not independently estimated."
FOXA,48089.7,49376.5,median_model_revenue+employees,sector:Communication Services,6,"Tier 2 ESTIMATE (LSEG median-model style), NOT a disclosure -- see pipeline/tier2_estimation/estimate_tier2.py. Peer group: sector = 'Communication Services' (6 Tier 1 peers, floor=5). Revenue-based: median peer tCO2e/$ revenue (6.65458e-06) x this company's revenue ($17,125,999,616) = 113,966 tCO2e. Employee-based: median peer tCO2e/employee (7.67451) x this company's employee count (10,550) = 80,966 tCO2e. Final estimate is the average of the available method(s): 97,466 tCO2e. Split into scope1/scope2 using the peer group's median scope1-share (49.34%) -- this split is a secondary approximation layered on top of the primary total estimate, not independently estimated."
FOX,48089.7,49376.5,median_model_revenue+employees,sector:Communication Services,6,"Tier 2 ESTIMATE (LSEG median-model style), NOT a disclosure -- see pipeline/tier2_estimation/estimate_tier2.py. Peer group: sector = 'Communication Services' (6 Tier 1 peers, floor=5). Revenue-based: median peer tCO2e/$ revenue (6.65458e-06) x this company's revenue ($17,125,999,616) = 113,966 tCO2e. Employee-based: median peer tCO2e/employee (7.67451) x this company's employee count (10,550) = 80,966 tCO2e. Final estimate is the average of the available method(s): 97,466 tCO2e. Split into scope1/scope2 using the peer group's median scope1-share (49.34%) -- this split is a secondary approximation layered on top of the primary total estimate, not independently estimated."
BEN,5937.1,2438.5,median_model_revenue+employees,sector:Financials,20,"Tier 2 ESTIMATE (LSEG median-model style), NOT a disclosure -- see pipeline/tier2_estimation/estimate_tier2.py. Peer group: sector = 'Financials' (20 Tier 1 peers, floor=5). Revenue-based: median peer tCO2e/$ revenue (9.25042e-07) x this company's revenue ($9,324,099,584) = 8,625 tCO2e. Employee-based: median peer tCO2e/employee (0.804557) x this company's employee count (10,100) = 8,126 tCO2e. Final estimate is the average of the available method(s): 8,376 tCO2e. Split into scope1/scope2 using the peer group's median scope1-share (70.89%) -- this split is a secondary approximation layered on top of the primary total estimate, not independently estimated."
GRMN,28927.8,35560.8,median_model_revenue+employees,sector:Consumer Discretionary,21,"Tier 2 ESTIMATE (LSEG median-model style), NOT a disclosure -- see pipeline/tier2_estimation/estimate_tier2.py. Peer group: sector = 'Consumer Discretionary' (21 Tier 1 peers, floor=5). Revenue-based: median peer tCO2e/$ revenue (8.12116e-06) x this company's revenue ($7,671,437,824) = 62,301 tCO2e. Employee-based: median peer tCO2e/employee (2.89897) x this company's employee count (23,000) = 66,676 tCO2e. Final estimate is the average of the available method(s): 64,489 tCO2e. Split into scope1/scope2 using the peer group's median scope1-share (44.86%) -- this split is a secondary approximation layered on top of the primary total estimate, not independently estimated."
IT,9883.2,24871.4,median_model_revenue+employees,sector:Information Technology,37,"Tier 2 ESTIMATE (LSEG median-model style), NOT a disclosure -- see pipeline/tier2_estimation/estimate_tier2.py. Peer group: sector = 'Information Technology' (37 Tier 1 peers, floor=5). Revenue-based: median peer tCO2e/$ revenue (3.55838e-06) x this company's revenue ($6,463,626,240) = 23,000 tCO2e. Employee-based: median peer tCO2e/employee (2.41167) x this company's employee count (19,285) = 46,509 tCO2e. Final estimate is the average of the available method(s): 34,755 tCO2e. Split into scope1/scope2 using the peer group's median scope1-share (28.44%) -- this split is a secondary approximation layered on top of the primary total estimate, not independently estimated."
GE,125040.6,0.0,median_model_revenue+employees,sub_industry:Aerospace & Defense,9,"Tier 2 ESTIMATE (LSEG median-model style), NOT a disclosure -- see pipeline/tier2_estimation/estimate_tier2.py. Peer group: sub_industry = 'Aerospace & Defense' (9 Tier 1 peers, floor=5). Revenue-based: median peer tCO2e/$ revenue (3.63289e-06) x this company's revenue ($50,638,999,552) = 183,966 tCO2e. Employee-based: median peer tCO2e/employee (1.15992) x this company's employee count (57,000) = 66,115 tCO2e. Final estimate is the average of the available method(s): 125,041 tCO2e. Split into scope1/scope2 using the peer group's median scope1-share (100.00%) -- this split is a secondary approximation layered on top of the primary total estimate, not independently estimated."
GEHC,32116.4,68190.6,median_model_revenue+employees,sub_industry:Health Care Equipment,5,"Tier 2 ESTIMATE (LSEG median-model style), NOT a disclosure -- see pipeline/tier2_estimation/estimate_tier2.py. Peer group: sub_industry = 'Health Care Equipment' (5 Tier 1 peers, floor=5). Revenue-based: median peer tCO2e/$ revenue (4.88288e-06) x this company's revenue ($21,265,999,872) = 103,839 tCO2e. Employee-based: median peer tCO2e/employee (1.79212) x this company's employee count (54,000) = 96,775 tCO2e. Final estimate is the average of the available method(s): 100,307 tCO2e. Split into scope1/scope2 using the peer group's median scope1-share (32.02%) -- this split is a secondary approximation layered on top of the primary total estimate, not independently estimated."
GEV,430430.8,142223.4,median_model_revenue+employees,sector:Industrials,38,"Tier 2 ESTIMATE (LSEG median-model style), NOT a disclosure -- see pipeline/tier2_estimation/estimate_tier2.py. Peer group: sector = 'Industrials' (38 Tier 1 peers, floor=5). Revenue-based: median peer tCO2e/$ revenue (1.47256e-05) x this company's revenue ($41,366,999,040) = 609,155 tCO2e. Employee-based: median peer tCO2e/employee (6.87376) x this company's employee count (78,000) = 536,153 tCO2e. Final estimate is the average of the available method(s): 572,654 tCO2e. Split into scope1/scope2 using the peer group's median scope1-share (75.16%) -- this split is a secondary approximation layered on top of the primary total estimate, not independently estimated."
GEN,3907.1,9832.2,median_model_revenue+employees,sector:Information Technology,37,"Tier 2 ESTIMATE (LSEG median-model style), NOT a disclosure -- see pipeline/tier2_estimation/estimate_tier2.py. Peer group: sector = 'Information Technology' (37 Tier 1 peers, floor=5). Revenue-based: median peer tCO2e/$ revenue (3.55838e-06) x this company's revenue ($5,079,000,064) = 18,073 tCO2e. Employee-based: median peer tCO2e/employee (2.41167) x this company's employee count (3,900) = 9,406 tCO2e. Final estimate is the average of the available method(s): 13,739 tCO2e. Split into scope1/scope2 using the peer group's median scope1-share (28.44%) -- this split is a secondary approximation layered on top of the primary total estimate, not independently estimated."
GNRC,48847.9,16140.4,median_model_revenue+employees,sector:Industrials,38,"Tier 2 ESTIMATE (LSEG median-model style), NOT a disclosure -- see pipeline/tier2_estimation/estimate_tier2.py. Peer group: sector = 'Industrials' (38 Tier 1 peers, floor=5). Revenue-based: median peer tCO2e/$ revenue (1.47256e-05) x this company's revenue ($4,438,731,776) = 65,363 tCO2e. Employee-based: median peer tCO2e/employee (6.87376) x this company's employee count (9,400) = 64,613 tCO2e. Final estimate is the average of the available method(s): 64,988 tCO2e. Split into scope1/scope2 using the peer group's median scope1-share (75.16%) -- this split is a secondary approximation layered on top of the primary total estimate, not independently estimated."
GPC,87929.9,108091.7,median_model_revenue+employees,sector:Consumer Discretionary,21,"Tier 2 ESTIMATE (LSEG median-model style), NOT a disclosure -- see pipeline/tier2_estimation/estimate_tier2.py. Peer group: sector = 'Consumer Discretionary' (21 Tier 1 peers, floor=5). Revenue-based: median peer tCO2e/$ revenue (8.12116e-06) x this company's revenue ($25,071,538,176) = 203,610 tCO2e. Employee-based: median peer tCO2e/employee (2.89897) x this company's employee count (65,000) = 188,433 tCO2e. Final estimate is the average of the available method(s): 196,022 tCO2e. Split into scope1/scope2 using the peer group's median scope1-share (44.86%) -- this split is a secondary approximation layered on top of the primary total estimate, not independently estimated."
GILD,57767.1,46813.2,median_model_revenue+employees,sector:Health Care,23,"Tier 2 ESTIMATE (LSEG median-model style), NOT a disclosure -- see pipeline/tier2_estimation/estimate_tier2.py. Peer group: sector = 'Health Care' (23 Tier 1 peers, floor=5). Revenue-based: median peer tCO2e/$ revenue (4.88288e-06) x this company's revenue ($30,456,999,936) = 148,718 tCO2e. Employee-based: median peer tCO2e/employee (3.55545) x this company's employee count (17,000) = 60,443 tCO2e. Final estimate is the average of the available method(s): 104,580 tCO2e. Split into scope1/scope2 using the peer group's median scope1-share (55.24%) -- this split is a secondary approximation layered on top of the primary total estimate, not independently estimated."
GL,3083.8,1266.5,median_model_revenue+employees,sector:Financials,20,"Tier 2 ESTIMATE (LSEG median-model style), NOT a disclosure -- see pipeline/tier2_estimation/estimate_tier2.py. Peer group: sector = 'Financials' (20 Tier 1 peers, floor=5). Revenue-based: median peer tCO2e/$ revenue (9.25042e-07) x this company's revenue ($6,191,958,016) = 5,728 tCO2e. Employee-based: median peer tCO2e/employee (0.804557) x this company's employee count (3,695) = 2,973 tCO2e. Final estimate is the average of the available method(s): 4,350 tCO2e. Split into scope1/scope2 using the peer group's median scope1-share (70.89%) -- this split is a secondary approximation layered on top of the primary total estimate, not independently estimated."
GDDY,4586.7,11542.6,median_model_revenue+employees,sector:Information Technology,37,"Tier 2 ESTIMATE (LSEG median-model style), NOT a disclosure -- see pipeline/tier2_estimation/estimate_tier2.py. Peer group: sector = 'Information Technology' (37 Tier 1 peers, floor=5). Revenue-based: median peer tCO2e/$ revenue (3.55838e-06) x this company's revenue ($5,104,099,840) = 18,162 tCO2e. Employee-based: median peer tCO2e/employee (2.41167) x this company's employee count (5,845) = 14,096 tCO2e. Final estimate is the average of the available method(s): 16,129 tCO2e. Split into scope1/scope2 using the peer group's median scope1-share (28.44%) -- this split is a secondary approximation layered on top of the primary total estimate, not independently estimated."
HCA,331058.1,268282.6,median_model_revenue+employees,sector:Health Care,23,"Tier 2 ESTIMATE (LSEG median-model style), NOT a disclosure -- see pipeline/tier2_estimation/estimate_tier2.py. Peer group: sector = 'Health Care' (23 Tier 1 peers, floor=5). Revenue-based: median peer tCO2e/$ revenue (4.88288e-06) x this company's revenue ($78,012,997,632) = 380,928 tCO2e. Employee-based: median peer tCO2e/employee (3.55545) x this company's employee count (230,000) = 817,753 tCO2e. Final estimate is the average of the available method(s): 599,341 tCO2e. Split into scope1/scope2 using the peer group's median scope1-share (55.24%) -- this split is a secondary approximation layered on top of the primary total estimate, not independently estimated."
HSIC,42892.4,34759.1,median_model_revenue+employees,sector:Health Care,23,"Tier 2 ESTIMATE (LSEG median-model style), NOT a disclosure -- see pipeline/tier2_estimation/estimate_tier2.py. Peer group: sector = 'Health Care' (23 Tier 1 peers, floor=5). Revenue-based: median peer tCO2e/$ revenue (4.88288e-06) x this company's revenue ($13,601,999,872) = 66,417 tCO2e. Employee-based: median peer tCO2e/employee (3.55545) x this company's employee count (25,000) = 88,886 tCO2e. Final estimate is the average of the available method(s): 77,652 tCO2e. Split into scope1/scope2 using the peer group's median scope1-share (55.24%) -- this split is a secondary approximation layered on top of the primary total estimate, not independently estimated."
HSY,195794.2,744.5,median_model_revenue+employees,sub_industry:Packaged Foods & Meats,5,"Tier 2 ESTIMATE (LSEG median-model style), NOT a disclosure -- see pipeline/tier2_estimation/estimate_tier2.py. Peer group: sub_industry = 'Packaged Foods & Meats' (5 Tier 1 peers, floor=5). Revenue-based: median peer tCO2e/$ revenue (1.81331e-05) x this company's revenue ($12,163,911,680) = 220,569 tCO2e. Employee-based: median peer tCO2e/employee (9.82952) x this company's employee count (17,550) = 172,508 tCO2e. Final estimate is the average of the available method(s): 196,539 tCO2e. Split into scope1/scope2 using the peer group's median scope1-share (99.62%) -- this split is a secondary approximation layered on top of the primary total estimate, not independently estimated."
HPE,44159.3,111128.2,median_model_revenue+employees,sector:Information Technology,37,"Tier 2 ESTIMATE (LSEG median-model style), NOT a disclosure -- see pipeline/tier2_estimation/estimate_tier2.py. Peer group: sector = 'Information Technology' (37 Tier 1 peers, floor=5). Revenue-based: median peer tCO2e/$ revenue (3.55838e-06) x this company's revenue ($41,870,999,552) = 148,993 tCO2e. Employee-based: median peer tCO2e/employee (2.41167) x this company's employee count (67,000) = 161,582 tCO2e. Final estimate is the average of the available method(s): 155,288 tCO2e. Split into scope1/scope2 using the peer group's median scope1-share (28.44%) -- this split is a secondary approximation layered on top of the primary total estimate, not independently estimated."
HONA,49940.4,0.0,median_model_revenue+employees,sub_industry:Aerospace & Defense,9,"Tier 2 ESTIMATE (LSEG median-model style), NOT a disclosure -- see pipeline/tier2_estimation/estimate_tier2.py. Peer group: sub_industry = 'Aerospace & Defense' (9 Tier 1 peers, floor=5). Revenue-based: median peer tCO2e/$ revenue (3.63289e-06) x this company's revenue ($17,915,000,832) = 65,083 tCO2e. Employee-based: median peer tCO2e/employee (1.15992) x this company's employee count (30,000) = 34,798 tCO2e. Final estimate is the average of the available method(s): 49,940 tCO2e. Split into scope1/scope2 using the peer group's median scope1-share (100.00%) -- this split is a secondary approximation layered on top of the primary total estimate, not independently estimated."
HST,10524.5,18706.6,median_model_revenue+employees,sector:Real Estate,8,"Tier 2 ESTIMATE (LSEG median-model style), NOT a disclosure -- see pipeline/tier2_estimation/estimate_tier2.py. Peer group: sector = 'Real Estate' (8 Tier 1 peers, floor=5). Revenue-based: median peer tCO2e/$ revenue (9.26543e-06) x this company's revenue ($6,233,999,872) = 57,761 tCO2e. Employee-based: median peer tCO2e/employee (4.331) x this company's employee count (162) = 702 tCO2e. Final estimate is the average of the available method(s): 29,231 tCO2e. Split into scope1/scope2 using the peer group's median scope1-share (36.00%) -- this split is a secondary approximation layered on top of the primary total estimate, not independently estimated."
HPQ,48792.9,122788.7,median_model_revenue+employees,sector:Information Technology,37,"Tier 2 ESTIMATE (LSEG median-model style), NOT a disclosure -- see pipeline/tier2_estimation/estimate_tier2.py. Peer group: sector = 'Information Technology' (37 Tier 1 peers, floor=5). Revenue-based: median peer tCO2e/$ revenue (3.55838e-06) x this company's revenue ($59,162,001,408) = 210,521 tCO2e. Employee-based: median peer tCO2e/employee (2.41167) x this company's employee count (55,000) = 132,642 tCO2e. Final estimate is the average of the available method(s): 171,582 tCO2e. Split into scope1/scope2 using the peer group's median scope1-share (28.44%) -- this split is a secondary approximation layered on top of the primary total estimate, not independently estimated."
HBAN,10288.1,4225.4,median_model_revenue+employees,sector:Financials,20,"Tier 2 ESTIMATE (LSEG median-model style), NOT a disclosure -- see pipeline/tier2_estimation/estimate_tier2.py. Peer group: sector = 'Financials' (20 Tier 1 peers, floor=5). Revenue-based: median peer tCO2e/$ revenue (9.25042e-07) x this company's revenue ($9,176,999,936) = 8,489 tCO2e. Employee-based: median peer tCO2e/employee (0.804557) x this company's employee count (25,527) = 20,538 tCO2e. Final estimate is the average of the available method(s): 14,514 tCO2e. Split into scope1/scope2 using the peer group's median scope1-share (70.89%) -- this split is a secondary approximation layered on top of the primary total estimate, not independently estimated."
IBM,125588.5,316047.2,median_model_revenue+employees,sector:Information Technology,37,"Tier 2 ESTIMATE (LSEG median-model style), NOT a disclosure -- see pipeline/tier2_estimation/estimate_tier2.py. Peer group: sector = 'Information Technology' (37 Tier 1 peers, floor=5). Revenue-based: median peer tCO2e/$ revenue (3.55838e-06) x this company's revenue ($69,094,998,016) = 245,867 tCO2e. Employee-based: median peer tCO2e/employee (2.41167) x this company's employee count (264,300) = 637,405 tCO2e. Final estimate is the average of the available method(s): 441,636 tCO2e. Split into scope1/scope2 using the peer group's median scope1-share (28.44%) -- this split is a secondary approximation layered on top of the primary total estimate, not independently estimated."
IEX,14970.7,30690.0,median_model_revenue+employees,sub_industry:Industrial Machinery & Supplies & Components,6,"Tier 2 ESTIMATE (LSEG median-model style), NOT a disclosure -- see pipeline/tier2_estimation/estimate_tier2.py. Peer group: sub_industry = 'Industrial Machinery & Supplies & Components' (6 Tier 1 peers, floor=5). Revenue-based: median peer tCO2e/$ revenue (1.29371e-05) x this company's revenue ($3,585,299,968) = 46,383 tCO2e. Employee-based: median peer tCO2e/employee (5.16531) x this company's employee count (8,700) = 44,938 tCO2e. Final estimate is the average of the available method(s): 45,661 tCO2e. Split into scope1/scope2 using the peer group's median scope1-share (32.79%) -- this split is a secondary approximation layered on top of the primary total estimate, not independently estimated."
IDXX,6715.2,14257.9,median_model_revenue+employees,sub_industry:Health Care Equipment,5,"Tier 2 ESTIMATE (LSEG median-model style), NOT a disclosure -- see pipeline/tier2_estimation/estimate_tier2.py. Peer group: sub_industry = 'Health Care Equipment' (5 Tier 1 peers, floor=5). Revenue-based: median peer tCO2e/$ revenue (4.88288e-06) x this company's revenue ($4,553,223,168) = 22,233 tCO2e. Employee-based: median peer tCO2e/employee (1.79212) x this company's employee count (11,000) = 19,713 tCO2e. Final estimate is the average of the available method(s): 20,973 tCO2e. Split into scope1/scope2 using the peer group's median scope1-share (32.02%) -- this split is a secondary approximation layered on top of the primary total estimate, not independently estimated."
INCY,10640.8,8623.1,median_model_revenue+employees,sector:Health Care,23,"Tier 2 ESTIMATE (LSEG median-model style), NOT a disclosure -- see pipeline/tier2_estimation/estimate_tier2.py. Peer group: sector = 'Health Care' (23 Tier 1 peers, floor=5). Revenue-based: median peer tCO2e/$ revenue (4.88288e-06) x this company's revenue ($5,819,530,240) = 28,416 tCO2e. Employee-based: median peer tCO2e/employee (3.55545) x this company's employee count (2,844) = 10,112 tCO2e. Final estimate is the average of the available method(s): 19,264 tCO2e. Split into scope1/scope2 using the peer group's median scope1-share (55.24%) -- this split is a secondary approximation layered on top of the primary total estimate, not independently estimated."
IR,34626.2,70983.9,median_model_revenue+employees,sub_industry:Industrial Machinery & Supplies & Components,6,"Tier 2 ESTIMATE (LSEG median-model style), NOT a disclosure -- see pipeline/tier2_estimation/estimate_tier2.py. Peer group: sub_industry = 'Industrial Machinery & Supplies & Components' (6 Tier 1 peers, floor=5). Revenue-based: median peer tCO2e/$ revenue (1.29371e-05) x this company's revenue ($7,942,199,808) = 102,749 tCO2e. Employee-based: median peer tCO2e/employee (5.16531) x this company's employee count (21,000) = 108,471 tCO2e. Final estimate is the average of the available method(s): 105,610 tCO2e. Split into scope1/scope2 using the peer group's median scope1-share (32.79%) -- this split is a secondary approximation layered on top of the primary total estimate, not independently estimated."
PODD,3936.1,8357.3,median_model_revenue+employees,sub_industry:Health Care Equipment,5,"Tier 2 ESTIMATE (LSEG median-model style), NOT a disclosure -- see pipeline/tier2_estimation/estimate_tier2.py. Peer group: sub_industry = 'Health Care Equipment' (5 Tier 1 peers, floor=5). Revenue-based: median peer tCO2e/$ revenue (4.88288e-06) x this company's revenue ($3,053,400,064) = 14,909 tCO2e. Employee-based: median peer tCO2e/employee (1.79212) x this company's employee count (5,400) = 9,677 tCO2e. Final estimate is the average of the available method(s): 12,293 tCO2e. Split into scope1/scope2 using the peer group's median scope1-share (32.02%) -- this split is a secondary approximation layered on top of the primary total estimate, not independently estimated."
IBKR,3172.0,1302.8,median_model_revenue+employees,sector:Financials,20,"Tier 2 ESTIMATE (LSEG median-model style), NOT a disclosure -- see pipeline/tier2_estimation/estimate_tier2.py. Peer group: sector = 'Financials' (20 Tier 1 peers, floor=5). Revenue-based: median peer tCO2e/$ revenue (9.25042e-07) x this company's revenue ($6,834,999,808) = 6,323 tCO2e. Employee-based: median peer tCO2e/employee (0.804557) x this company's employee count (3,265) = 2,627 tCO2e. Final estimate is the average of the available method(s): 4,475 tCO2e. Split into scope1/scope2 using the peer group's median scope1-share (70.89%) -- this split is a secondary approximation layered on top of the primary total estimate, not independently estimated."
ICE,7090.2,2912.0,median_model_revenue+employees,sector:Financials,20,"Tier 2 ESTIMATE (LSEG median-model style), NOT a disclosure -- see pipeline/tier2_estimation/estimate_tier2.py. Peer group: sector = 'Financials' (20 Tier 1 peers, floor=5). Revenue-based: median peer tCO2e/$ revenue (9.25042e-07) x this company's revenue ($10,558,000,128) = 9,767 tCO2e. Employee-based: median peer tCO2e/employee (0.804557) x this company's employee count (12,725) = 10,238 tCO2e. Final estimate is the average of the available method(s): 10,002 tCO2e. Split into scope1/scope2 using the peer group's median scope1-share (70.89%) -- this split is a secondary approximation layered on top of the primary total estimate, not independently estimated."
IVZ,4374.7,1796.7,median_model_revenue+employees,sector:Financials,20,"Tier 2 ESTIMATE (LSEG median-model style), NOT a disclosure -- see pipeline/tier2_estimation/estimate_tier2.py. Peer group: sector = 'Financials' (20 Tier 1 peers, floor=5). Revenue-based: median peer tCO2e/$ revenue (9.25042e-07) x this company's revenue ($6,902,499,840) = 6,385 tCO2e. Employee-based: median peer tCO2e/employee (0.804557) x this company's employee count (7,405) = 5,958 tCO2e. Final estimate is the average of the available method(s): 6,171 tCO2e. Split into scope1/scope2 using the peer group's median scope1-share (70.89%) -- this split is a secondary approximation layered on top of the primary total estimate, not independently estimated."
INVH,6095.4,10834.1,median_model_revenue+employees,sector:Real Estate,8,"Tier 2 ESTIMATE (LSEG median-model style), NOT a disclosure -- see pipeline/tier2_estimation/estimate_tier2.py. Peer group: sector = 'Real Estate' (8 Tier 1 peers, floor=5). Revenue-based: median peer tCO2e/$ revenue (9.26543e-06) x this company's revenue ($2,848,004,096) = 26,388 tCO2e. Employee-based: median peer tCO2e/employee (4.331) x this company's employee count (1,725) = 7,471 tCO2e. Final estimate is the average of the available method(s): 16,929 tCO2e. Split into scope1/scope2 using the peer group's median scope1-share (36.00%) -- this split is a secondary approximation layered on top of the primary total estimate, not independently estimated."
IQV,115207.4,93361.7,median_model_revenue+employees,sector:Health Care,23,"Tier 2 ESTIMATE (LSEG median-model style), NOT a disclosure -- see pipeline/tier2_estimation/estimate_tier2.py. Peer group: sector = 'Health Care' (23 Tier 1 peers, floor=5). Revenue-based: median peer tCO2e/$ revenue (4.88288e-06) x this company's revenue ($16,983,000,064) = 82,926 tCO2e. Employee-based: median peer tCO2e/employee (3.55545) x this company's employee count (94,000) = 334,212 tCO2e. Final estimate is the average of the available method(s): 208,569 tCO2e. Split into scope1/scope2 using the peer group's median scope1-share (55.24%) -- this split is a secondary approximation layered on top of the primary total estimate, not independently estimated."
IRM,35536.5,63164.0,median_model_revenue+employees,sector:Real Estate,8,"Tier 2 ESTIMATE (LSEG median-model style), NOT a disclosure -- see pipeline/tier2_estimation/estimate_tier2.py. Peer group: sector = 'Real Estate' (8 Tier 1 peers, floor=5). Revenue-based: median peer tCO2e/$ revenue (9.26543e-06) x this company's revenue ($7,562,470,912) = 70,070 tCO2e. Employee-based: median peer tCO2e/employee (4.331) x this company's employee count (29,400) = 127,331 tCO2e. Final estimate is the average of the available method(s): 98,700 tCO2e. Split into scope1/scope2 using the peer group's median scope1-share (36.00%) -- this split is a secondary approximation layered on top of the primary total estimate, not independently estimated."
JBL,63287.1,159263.8,median_model_revenue+employees,sector:Information Technology,37,"Tier 2 ESTIMATE (LSEG median-model style), NOT a disclosure -- see pipeline/tier2_estimation/estimate_tier2.py. Peer group: sector = 'Information Technology' (37 Tier 1 peers, floor=5). Revenue-based: median peer tCO2e/$ revenue (3.55838e-06) x this company's revenue ($33,589,999,616) = 119,526 tCO2e. Employee-based: median peer tCO2e/employee (2.41167) x this company's employee count (135,000) = 325,576 tCO2e. Final estimate is the average of the available method(s): 222,551 tCO2e. Split into scope1/scope2 using the peer group's median scope1-share (28.44%) -- this split is a secondary approximation layered on top of the primary total estimate, not independently estimated."
JKHY,2915.9,1197.6,median_model_revenue+employees,sector:Financials,20,"Tier 2 ESTIMATE (LSEG median-model style), NOT a disclosure -- see pipeline/tier2_estimation/estimate_tier2.py. Peer group: sector = 'Financials' (20 Tier 1 peers, floor=5). Revenue-based: median peer tCO2e/$ revenue (9.25042e-07) x this company's revenue ($2,544,338,944) = 2,354 tCO2e. Employee-based: median peer tCO2e/employee (0.804557) x this company's employee count (7,300) = 5,873 tCO2e. Final estimate is the average of the available method(s): 4,113 tCO2e. Split into scope1/scope2 using the peer group's median scope1-share (70.89%) -- this split is a secondary approximation layered on top of the primary total estimate, not independently estimated."
J,200107.2,66119.6,median_model_revenue+employees,sector:Industrials,38,"Tier 2 ESTIMATE (LSEG median-model style), NOT a disclosure -- see pipeline/tier2_estimation/estimate_tier2.py. Peer group: sector = 'Industrials' (38 Tier 1 peers, floor=5). Revenue-based: median peer tCO2e/$ revenue (1.47256e-05) x this company's revenue ($14,219,215,872) = 209,387 tCO2e. Employee-based: median peer tCO2e/employee (6.87376) x this company's employee count (47,000) = 323,067 tCO2e. Final estimate is the average of the available method(s): 266,227 tCO2e. Split into scope1/scope2 using the peer group's median scope1-share (75.16%) -- this split is a secondary approximation layered on top of the primary total estimate, not independently estimated."
JNJ,666778.3,184733.7,median_model_revenue+employees,sub_industry:Pharmaceuticals,6,"Tier 2 ESTIMATE (LSEG median-model style), NOT a disclosure -- see pipeline/tier2_estimation/estimate_tier2.py. Peer group: sub_industry = 'Pharmaceuticals' (6 Tier 1 peers, floor=5). Revenue-based: median peer tCO2e/$ revenue (6.16603e-06) x this company's revenue ($97,929,003,008) = 603,833 tCO2e. Employee-based: median peer tCO2e/employee (7.95363) x this company's employee count (138,200) = 1,099,191 tCO2e. Final estimate is the average of the available method(s): 851,512 tCO2e. Split into scope1/scope2 using the peer group's median scope1-share (78.31%) -- this split is a secondary approximation layered on top of the primary total estimate, not independently estimated."
KEY,7405.0,3041.3,median_model_revenue+employees,sector:Financials,20,"Tier 2 ESTIMATE (LSEG median-model style), NOT a disclosure -- see pipeline/tier2_estimation/estimate_tier2.py. Peer group: sector = 'Financials' (20 Tier 1 peers, floor=5). Revenue-based: median peer tCO2e/$ revenue (9.25042e-07) x this company's revenue ($7,370,999,808) = 6,818 tCO2e. Employee-based: median peer tCO2e/employee (0.804557) x this company's employee count (17,493) = 14,074 tCO2e. Final estimate is the average of the available method(s): 10,446 tCO2e. Split into scope1/scope2 using the peer group's median scope1-share (70.89%) -- this split is a secondary approximation layered on top of the primary total estimate, not independently estimated."
KEYS,9022.4,22705.1,median_model_revenue+employees,sector:Information Technology,37,"Tier 2 ESTIMATE (LSEG median-model style), NOT a disclosure -- see pipeline/tier2_estimation/estimate_tier2.py. Peer group: sector = 'Information Technology' (37 Tier 1 peers, floor=5). Revenue-based: median peer tCO2e/$ revenue (3.55838e-06) x this company's revenue ($6,582,000,128) = 23,421 tCO2e. Employee-based: median peer tCO2e/employee (2.41167) x this company's employee count (16,600) = 40,034 tCO2e. Final estimate is the average of the available method(s): 31,728 tCO2e. Split into scope1/scope2 using the peer group's median scope1-share (28.44%) -- this split is a secondary approximation layered on top of the primary total estimate, not independently estimated."
KIM,4201.7,7468.2,median_model_revenue+employees,sector:Real Estate,8,"Tier 2 ESTIMATE (LSEG median-model style), NOT a disclosure -- see pipeline/tier2_estimation/estimate_tier2.py. Peer group: sector = 'Real Estate' (8 Tier 1 peers, floor=5). Revenue-based: median peer tCO2e/$ revenue (9.26543e-06) x this company's revenue ($2,187,133,952) = 20,265 tCO2e. Employee-based: median peer tCO2e/employee (4.331) x this company's employee count (710) = 3,075 tCO2e. Final estimate is the average of the available method(s): 11,670 tCO2e. Split into scope1/scope2 using the peer group's median scope1-share (36.00%) -- this split is a secondary approximation layered on top of the primary total estimate, not independently estimated."
KKR,9907.8,4069.3,median_model_revenue+employees,sector:Financials,20,"Tier 2 ESTIMATE (LSEG median-model style), NOT a disclosure -- see pipeline/tier2_estimation/estimate_tier2.py. Peer group: sector = 'Financials' (20 Tier 1 peers, floor=5). Revenue-based: median peer tCO2e/$ revenue (9.25042e-07) x this company's revenue ($25,833,117,696) = 23,897 tCO2e. Employee-based: median peer tCO2e/employee (0.804557) x this company's employee count (5,043) = 4,057 tCO2e. Final estimate is the average of the available method(s): 13,977 tCO2e. Split into scope1/scope2 using the peer group's median scope1-share (70.89%) -- this split is a secondary approximation layered on top of the primary total estimate, not independently estimated."
KHC,396266.8,1506.8,median_model_revenue+employees,sub_industry:Packaged Foods & Meats,5,"Tier 2 ESTIMATE (LSEG median-model style), NOT a disclosure -- see pipeline/tier2_estimation/estimate_tier2.py. Peer group: sub_industry = 'Packaged Foods & Meats' (5 Tier 1 peers, floor=5). Revenue-based: median peer tCO2e/$ revenue (1.81331e-05) x this company's revenue ($24,899,999,744) = 451,514 tCO2e. Employee-based: median peer tCO2e/employee (9.82952) x this company's employee count (35,000) = 344,033 tCO2e. Final estimate is the average of the available method(s): 397,774 tCO2e. Split into scope1/scope2 using the peer group's median scope1-share (99.62%) -- this split is a secondary approximation layered on top of the primary total estimate, not independently estimated."
KR,2870204.2,433945.6,median_model_revenue+employees,sector:Consumer Staples,23,"Tier 2 ESTIMATE (LSEG median-model style), NOT a disclosure -- see pipeline/tier2_estimation/estimate_tier2.py. Peer group: sector = 'Consumer Staples' (23 Tier 1 peers, floor=5). Revenue-based: median peer tCO2e/$ revenue (1.61029e-05) x this company's revenue ($149,326,004,224) = 2,404,587 tCO2e. Employee-based: median peer tCO2e/employee (10.5093) x this company's employee count (400,000) = 4,203,712 tCO2e. Final estimate is the average of the available method(s): 3,304,150 tCO2e. Split into scope1/scope2 using the peer group's median scope1-share (86.87%) -- this split is a secondary approximation layered on top of the primary total estimate, not independently estimated."
LH,89068.7,72179.5,median_model_revenue+employees,sector:Health Care,23,"Tier 2 ESTIMATE (LSEG median-model style), NOT a disclosure -- see pipeline/tier2_estimation/estimate_tier2.py. Peer group: sector = 'Health Care' (23 Tier 1 peers, floor=5). Revenue-based: median peer tCO2e/$ revenue (4.88288e-06) x this company's revenue ($14,348,000,256) = 70,060 tCO2e. Employee-based: median peer tCO2e/employee (3.55545) x this company's employee count (71,000) = 252,437 tCO2e. Final estimate is the average of the available method(s): 161,248 tCO2e. Split into scope1/scope2 using the peer group's median scope1-share (55.24%) -- this split is a secondary approximation layered on top of the primary total estimate, not independently estimated."
LVS,51646.9,63489.2,median_model_revenue+employees,sector:Consumer Discretionary,21,"Tier 2 ESTIMATE (LSEG median-model style), NOT a disclosure -- see pipeline/tier2_estimation/estimate_tier2.py. Peer group: sector = 'Consumer Discretionary' (21 Tier 1 peers, floor=5). Revenue-based: median peer tCO2e/$ revenue (8.12116e-06) x this company's revenue ($13,719,000,064) = 111,414 tCO2e. Employee-based: median peer tCO2e/employee (2.89897) x this company's employee count (41,000) = 118,858 tCO2e. Final estimate is the average of the available method(s): 115,136 tCO2e. Split into scope1/scope2 using the peer group's median scope1-share (44.86%) -- this split is a secondary approximation layered on top of the primary total estimate, not independently estimated."
LEN,67778.0,83319.1,median_model_revenue+employees,sector:Consumer Discretionary,21,"Tier 2 ESTIMATE (LSEG median-model style), NOT a disclosure -- see pipeline/tier2_estimation/estimate_tier2.py. Peer group: sector = 'Consumer Discretionary' (21 Tier 1 peers, floor=5). Revenue-based: median peer tCO2e/$ revenue (8.12116e-06) x this company's revenue ($32,737,234,944) = 265,864 tCO2e. Employee-based: median peer tCO2e/employee (2.89897) x this company's employee count (12,532) = 36,330 tCO2e. Final estimate is the average of the available method(s): 151,097 tCO2e. Split into scope1/scope2 using the peer group's median scope1-share (44.86%) -- this split is a secondary approximation layered on top of the primary total estimate, not independently estimated."
LII,43293.3,14305.0,median_model_revenue+employees,sector:Industrials,38,"Tier 2 ESTIMATE (LSEG median-model style), NOT a disclosure -- see pipeline/tier2_estimation/estimate_tier2.py. Peer group: sector = 'Industrials' (38 Tier 1 peers, floor=5). Revenue-based: median peer tCO2e/$ revenue (1.47256e-05) x this company's revenue ($5,302,199,808) = 78,078 tCO2e. Employee-based: median peer tCO2e/employee (6.87376) x this company's employee count (5,400) = 37,118 tCO2e. Final estimate is the average of the available method(s): 57,598 tCO2e. Split into scope1/scope2 using the peer group's median scope1-share (75.16%) -- this split is a secondary approximation layered on top of the primary total estimate, not independently estimated."
LYV,76642.5,78693.3,median_model_revenue+employees,sector:Communication Services,6,"Tier 2 ESTIMATE (LSEG median-model style), NOT a disclosure -- see pipeline/tier2_estimation/estimate_tier2.py. Peer group: sector = 'Communication Services' (6 Tier 1 peers, floor=5). Revenue-based: median peer tCO2e/$ revenue (6.65458e-06) x this company's revenue ($26,272,534,528) = 174,833 tCO2e. Employee-based: median peer tCO2e/employee (7.67451) x this company's employee count (17,700) = 135,839 tCO2e. Final estimate is the average of the available method(s): 155,336 tCO2e. Split into scope1/scope2 using the peer group's median scope1-share (49.34%) -- this split is a secondary approximation layered on top of the primary total estimate, not independently estimated."
MTB,9275.8,3809.7,median_model_revenue+employees,sector:Financials,20,"Tier 2 ESTIMATE (LSEG median-model style), NOT a disclosure -- see pipeline/tier2_estimation/estimate_tier2.py. Peer group: sector = 'Financials' (20 Tier 1 peers, floor=5). Revenue-based: median peer tCO2e/$ revenue (9.25042e-07) x this company's revenue ($9,450,999,808) = 8,743 tCO2e. Employee-based: median peer tCO2e/employee (0.804557) x this company's employee count (21,662) = 17,428 tCO2e. Final estimate is the average of the available method(s): 13,085 tCO2e. Split into scope1/scope2 using the peer group's median scope1-share (70.89%) -- this split is a secondary approximation layered on top of the primary total estimate, not independently estimated."
MRSH,36253.0,14889.5,median_model_revenue+employees,sector:Financials,20,"Tier 2 ESTIMATE (LSEG median-model style), NOT a disclosure -- see pipeline/tier2_estimation/estimate_tier2.py. Peer group: sector = 'Financials' (20 Tier 1 peers, floor=5). Revenue-based: median peer tCO2e/$ revenue (9.25042e-07) x this company's revenue ($27,946,999,808) = 25,852 tCO2e. Employee-based: median peer tCO2e/employee (0.804557) x this company's employee count (95,000) = 76,433 tCO2e. Final estimate is the average of the available method(s): 51,143 tCO2e. Split into scope1/scope2 using the peer group's median scope1-share (70.89%) -- this split is a secondary approximation layered on top of the primary total estimate, not independently estimated."
MAS,88670.0,29298.5,median_model_revenue+employees,sector:Industrials,38,"Tier 2 ESTIMATE (LSEG median-model style), NOT a disclosure -- see pipeline/tier2_estimation/estimate_tier2.py. Peer group: sector = 'Industrials' (38 Tier 1 peers, floor=5). Revenue-based: median peer tCO2e/$ revenue (1.47256e-05) x this company's revenue ($7,619,999,744) = 112,209 tCO2e. Employee-based: median peer tCO2e/employee (6.87376) x this company's employee count (18,000) = 123,728 tCO2e. Final estimate is the average of the available method(s): 117,968 tCO2e. Split into scope1/scope2 using the peer group's median scope1-share (75.16%) -- this split is a secondary approximation layered on top of the primary total estimate, not independently estimated."
MA,22851.8,9385.5,median_model_revenue+employees,sector:Financials,20,"Tier 2 ESTIMATE (LSEG median-model style), NOT a disclosure -- see pipeline/tier2_estimation/estimate_tier2.py. Peer group: sector = 'Financials' (20 Tier 1 peers, floor=5). Revenue-based: median peer tCO2e/$ revenue (9.25042e-07) x this company's revenue ($35,083,001,856) = 32,453 tCO2e. Employee-based: median peer tCO2e/employee (0.804557) x this company's employee count (39,800) = 32,021 tCO2e. Final estimate is the average of the available method(s): 32,237 tCO2e. Split into scope1/scope2 using the peer group's median scope1-share (70.89%) -- this split is a secondary approximation layered on top of the primary total estimate, not independently estimated."
MCK,595093.1,482251.1,median_model_revenue+employees,sector:Health Care,23,"Tier 2 ESTIMATE (LSEG median-model style), NOT a disclosure -- see pipeline/tier2_estimation/estimate_tier2.py. Peer group: sector = 'Health Care' (23 Tier 1 peers, floor=5). Revenue-based: median peer tCO2e/$ revenue (4.88288e-06) x this company's revenue ($410,983,006,208) = 2,006,782 tCO2e. Employee-based: median peer tCO2e/employee (3.55545) x this company's employee count (41,600) = 147,907 tCO2e. Final estimate is the average of the available method(s): 1,077,344 tCO2e. Split into scope1/scope2 using the peer group's median scope1-share (55.24%) -- this split is a secondary approximation layered on top of the primary total estimate, not independently estimated."
MDT,56602.4,120180.1,median_model_revenue+employees,sub_industry:Health Care Equipment,5,"Tier 2 ESTIMATE (LSEG median-model style), NOT a disclosure -- see pipeline/tier2_estimation/estimate_tier2.py. Peer group: sub_industry = 'Health Care Equipment' (5 Tier 1 peers, floor=5). Revenue-based: median peer tCO2e/$ revenue (4.88288e-06) x this company's revenue ($37,541,998,592) = 183,313 tCO2e. Employee-based: median peer tCO2e/employee (1.79212) x this company's employee count (95,000) = 170,252 tCO2e. Final estimate is the average of the available method(s): 176,783 tCO2e. Split into scope1/scope2 using the peer group's median scope1-share (32.02%) -- this split is a secondary approximation layered on top of the primary total estimate, not independently estimated."
MTD,21875.4,17727.4,median_model_revenue+employees,sector:Health Care,23,"Tier 2 ESTIMATE (LSEG median-model style), NOT a disclosure -- see pipeline/tier2_estimation/estimate_tier2.py. Peer group: sector = 'Health Care' (23 Tier 1 peers, floor=5). Revenue-based: median peer tCO2e/$ revenue (4.88288e-06) x this company's revenue ($4,133,874,944) = 20,185 tCO2e. Employee-based: median peer tCO2e/employee (3.55545) x this company's employee count (16,600) = 59,020 tCO2e. Final estimate is the average of the available method(s): 39,603 tCO2e. Split into scope1/scope2 using the peer group's median scope1-share (55.24%) -- this split is a secondary approximation layered on top of the primary total estimate, not independently estimated."
MAA,5655.5,10052.4,median_model_revenue+employees,sector:Real Estate,8,"Tier 2 ESTIMATE (LSEG median-model style), NOT a disclosure -- see pipeline/tier2_estimation/estimate_tier2.py. Peer group: sector = 'Real Estate' (8 Tier 1 peers, floor=5). Revenue-based: median peer tCO2e/$ revenue (9.26543e-06) x this company's revenue ($2,218,780,928) = 20,558 tCO2e. Employee-based: median peer tCO2e/employee (4.331) x this company's employee count (2,507) = 10,858 tCO2e. Final estimate is the average of the available method(s): 15,708 tCO2e. Split into scope1/scope2 using the peer group's median scope1-share (36.00%) -- this split is a secondary approximation layered on top of the primary total estimate, not independently estimated."
MRNA,7619.9,6175.0,median_model_revenue+employees,sector:Health Care,23,"Tier 2 ESTIMATE (LSEG median-model style), NOT a disclosure -- see pipeline/tier2_estimation/estimate_tier2.py. Peer group: sector = 'Health Care' (23 Tier 1 peers, floor=5). Revenue-based: median peer tCO2e/$ revenue (4.88288e-06) x this company's revenue ($2,228,000,000) = 10,879 tCO2e. Employee-based: median peer tCO2e/employee (3.55545) x this company's employee count (4,700) = 16,711 tCO2e. Final estimate is the average of the available method(s): 13,795 tCO2e. Split into scope1/scope2 using the peer group's median scope1-share (55.24%) -- this split is a secondary approximation layered on top of the primary total estimate, not independently estimated."
MDLZ,803901.5,3056.9,median_model_revenue+employees,sub_industry:Packaged Foods & Meats,5,"Tier 2 ESTIMATE (LSEG median-model style), NOT a disclosure -- see pipeline/tier2_estimation/estimate_tier2.py. Peer group: sub_industry = 'Packaged Foods & Meats' (5 Tier 1 peers, floor=5). Revenue-based: median peer tCO2e/$ revenue (1.81331e-05) x this company's revenue ($39,674,998,784) = 719,431 tCO2e. Employee-based: median peer tCO2e/employee (9.82952) x this company's employee count (91,000) = 894,486 tCO2e. Final estimate is the average of the available method(s): 806,958 tCO2e. Split into scope1/scope2 using the peer group's median scope1-share (99.62%) -- this split is a secondary approximation layered on top of the primary total estimate, not independently estimated."
MS,49185.3,20201.0,median_model_revenue+employees,sector:Financials,20,"Tier 2 ESTIMATE (LSEG median-model style), NOT a disclosure -- see pipeline/tier2_estimation/estimate_tier2.py. Peer group: sector = 'Financials' (20 Tier 1 peers, floor=5). Revenue-based: median peer tCO2e/$ revenue (9.25042e-07) x this company's revenue ($77,827,997,696) = 71,994 tCO2e. Employee-based: median peer tCO2e/employee (0.804557) x this company's employee count (83,000) = 66,778 tCO2e. Final estimate is the average of the available method(s): 69,386 tCO2e. Split into scope1/scope2 using the peer group's median scope1-share (70.89%) -- this split is a secondary approximation layered on top of the primary total estimate, not independently estimated."
MSI,14078.1,35428.1,median_model_revenue+employees,sector:Information Technology,37,"Tier 2 ESTIMATE (LSEG median-model style), NOT a disclosure -- see pipeline/tier2_estimation/estimate_tier2.py. Peer group: sector = 'Information Technology' (37 Tier 1 peers, floor=5). Revenue-based: median peer tCO2e/$ revenue (3.55838e-06) x this company's revenue ($12,236,999,680) = 43,544 tCO2e. Employee-based: median peer tCO2e/employee (2.41167) x this company's employee count (23,000) = 55,468 tCO2e. Final estimate is the average of the available method(s): 49,506 tCO2e. Split into scope1/scope2 using the peer group's median scope1-share (28.44%) -- this split is a secondary approximation layered on top of the primary total estimate, not independently estimated."
NDAQ,4586.7,1883.8,median_model_revenue+employees,sector:Financials,20,"Tier 2 ESTIMATE (LSEG median-model style), NOT a disclosure -- see pipeline/tier2_estimation/estimate_tier2.py. Peer group: sector = 'Financials' (20 Tier 1 peers, floor=5). Revenue-based: median peer tCO2e/$ revenue (9.25042e-07) x this company's revenue ($5,614,000,128) = 5,193 tCO2e. Employee-based: median peer tCO2e/employee (0.804557) x this company's employee count (9,630) = 7,748 tCO2e. Final estimate is the average of the available method(s): 6,471 tCO2e. Split into scope1/scope2 using the peer group's median scope1-share (70.89%) -- this split is a secondary approximation layered on top of the primary total estimate, not independently estimated."
NTAP,7751.5,19506.8,median_model_revenue+employees,sector:Information Technology,37,"Tier 2 ESTIMATE (LSEG median-model style), NOT a disclosure -- see pipeline/tier2_estimation/estimate_tier2.py. Peer group: sector = 'Information Technology' (37 Tier 1 peers, floor=5). Revenue-based: median peer tCO2e/$ revenue (3.55838e-06) x this company's revenue ($7,391,000,064) = 26,300 tCO2e. Employee-based: median peer tCO2e/employee (2.41167) x this company's employee count (11,700) = 28,217 tCO2e. Final estimate is the average of the available method(s): 27,258 tCO2e. Split into scope1/scope2 using the peer group's median scope1-share (28.44%) -- this split is a secondary approximation layered on top of the primary total estimate, not independently estimated."
NFLX,109702.2,112637.6,median_model_revenue+employees,sector:Communication Services,6,"Tier 2 ESTIMATE (LSEG median-model style), NOT a disclosure -- see pipeline/tier2_estimation/estimate_tier2.py. Peer group: sector = 'Communication Services' (6 Tier 1 peers, floor=5). Revenue-based: median peer tCO2e/$ revenue (6.65458e-06) x this company's revenue ($48,370,765,824) = 321,887 tCO2e. Employee-based: median peer tCO2e/employee (7.67451) x this company's employee count (16,000) = 122,792 tCO2e. Final estimate is the average of the available method(s): 222,340 tCO2e. Split into scope1/scope2 using the peer group's median scope1-share (49.34%) -- this split is a secondary approximation layered on top of the primary total estimate, not independently estimated."
NWSA,55905.7,57401.6,median_model_revenue+employees,sector:Communication Services,6,"Tier 2 ESTIMATE (LSEG median-model style), NOT a disclosure -- see pipeline/tier2_estimation/estimate_tier2.py. Peer group: sector = 'Communication Services' (6 Tier 1 peers, floor=5). Revenue-based: median peer tCO2e/$ revenue (6.65458e-06) x this company's revenue ($9,027,999,744) = 60,078 tCO2e. Employee-based: median peer tCO2e/employee (7.67451) x this company's employee count (21,700) = 166,537 tCO2e. Final estimate is the average of the available method(s): 113,307 tCO2e. Split into scope1/scope2 using the peer group's median scope1-share (49.34%) -- this split is a secondary approximation layered on top of the primary total estimate, not independently estimated."
NWS,55905.7,57401.6,median_model_revenue+employees,sector:Communication Services,6,"Tier 2 ESTIMATE (LSEG median-model style), NOT a disclosure -- see pipeline/tier2_estimation/estimate_tier2.py. Peer group: sector = 'Communication Services' (6 Tier 1 peers, floor=5). Revenue-based: median peer tCO2e/$ revenue (6.65458e-06) x this company's revenue ($9,027,999,744) = 60,078 tCO2e. Employee-based: median peer tCO2e/employee (7.67451) x this company's employee count (21,700) = 166,537 tCO2e. Final estimate is the average of the available method(s): 113,307 tCO2e. Split into scope1/scope2 using the peer group's median scope1-share (49.34%) -- this split is a secondary approximation layered on top of the primary total estimate, not independently estimated."
NDSN,13263.1,27189.5,median_model_revenue+employees,sub_industry:Industrial Machinery & Supplies & Components,6,"Tier 2 ESTIMATE (LSEG median-model style), NOT a disclosure -- see pipeline/tier2_estimation/estimate_tier2.py. Peer group: sub_industry = 'Industrial Machinery & Supplies & Components' (6 Tier 1 peers, floor=5). Revenue-based: median peer tCO2e/$ revenue (1.29371e-05) x this company's revenue ($2,979,794,944) = 38,550 tCO2e. Employee-based: median peer tCO2e/employee (5.16531) x this company's employee count (8,200) = 42,356 tCO2e. Final estimate is the average of the available method(s): 40,453 tCO2e. Split into scope1/scope2 using the peer group's median scope1-share (32.79%) -- this split is a secondary approximation layered on top of the primary total estimate, not independently estimated."
NTRS,9708.6,3987.4,median_model_revenue+employees,sector:Financials,20,"Tier 2 ESTIMATE (LSEG median-model style), NOT a disclosure -- see pipeline/tier2_estimation/estimate_tier2.py. Peer group: sector = 'Financials' (20 Tier 1 peers, floor=5). Revenue-based: median peer tCO2e/$ revenue (9.25042e-07) x this company's revenue ($9,085,500,416) = 8,404 tCO2e. Employee-based: median peer tCO2e/employee (0.804557) x this company's employee count (23,600) = 18,988 tCO2e. Final estimate is the average of the available method(s): 13,696 tCO2e. Split into scope1/scope2 using the peer group's median scope1-share (70.89%) -- this split is a secondary approximation layered on top of the primary total estimate, not independently estimated."
NCLH,47429.6,58304.9,median_model_revenue+employees,sector:Consumer Discretionary,21,"Tier 2 ESTIMATE (LSEG median-model style), NOT a disclosure -- see pipeline/tier2_estimation/estimate_tier2.py. Peer group: sector = 'Consumer Discretionary' (21 Tier 1 peers, floor=5). Revenue-based: median peer tCO2e/$ revenue (8.12116e-06) x this company's revenue ($10,154,306,560) = 82,465 tCO2e. Employee-based: median peer tCO2e/employee (2.89897) x this company's employee count (44,500) = 129,004 tCO2e. Final estimate is the average of the available method(s): 105,735 tCO2e. Split into scope1/scope2 using the peer group's median scope1-share (44.86%) -- this split is a secondary approximation layered on top of the primary total estimate, not independently estimated."
NVR,21639.4,26601.2,median_model_revenue+employees,sector:Consumer Discretionary,21,"Tier 2 ESTIMATE (LSEG median-model style), NOT a disclosure -- see pipeline/tier2_estimation/estimate_tier2.py. Peer group: sector = 'Consumer Discretionary' (21 Tier 1 peers, floor=5). Revenue-based: median peer tCO2e/$ revenue (8.12116e-06) x this company's revenue ($9,631,335,424) = 78,218 tCO2e. Employee-based: median peer tCO2e/employee (2.89897) x this company's employee count (6,300) = 18,264 tCO2e. Final estimate is the average of the available method(s): 48,241 tCO2e. Split into scope1/scope2 using the peer group's median scope1-share (44.86%) -- this split is a secondary approximation layered on top of the primary total estimate, not independently estimated."
NXPI,116926.0,0.0,median_model_revenue+employees,sub_industry:Semiconductors,13,"Tier 2 ESTIMATE (LSEG median-model style), NOT a disclosure -- see pipeline/tier2_estimation/estimate_tier2.py. Peer group: sub_industry = 'Semiconductors' (13 Tier 1 peers, floor=5). Revenue-based: median peer tCO2e/$ revenue (6.008e-06) x this company's revenue ($13,185,000,448) = 79,216 tCO2e. Employee-based: median peer tCO2e/employee (4.80701) x this company's employee count (32,169) = 154,637 tCO2e. Final estimate is the average of the available method(s): 116,926 tCO2e. Split into scope1/scope2 using the peer group's median scope1-share (100.00%) -- this split is a secondary approximation layered on top of the primary total estimate, not independently estimated."
ORLY,96132.7,118175.4,median_model_revenue+employees,sector:Consumer Discretionary,21,"Tier 2 ESTIMATE (LSEG median-model style), NOT a disclosure -- see pipeline/tier2_estimation/estimate_tier2.py. Peer group: sector = 'Consumer Discretionary' (21 Tier 1 peers, floor=5). Revenue-based: median peer tCO2e/$ revenue (8.12116e-06) x this company's revenue ($18,572,562,432) = 150,831 tCO2e. Employee-based: median peer tCO2e/employee (2.89897) x this company's employee count (95,822) = 277,785 tCO2e. Final estimate is the average of the available method(s): 214,308 tCO2e. Split into scope1/scope2 using the peer group's median scope1-share (44.86%) -- this split is a secondary approximation layered on top of the primary total estimate, not independently estimated."
ODFL,83118.3,27464.1,median_model_revenue+employees,sector:Industrials,38,"Tier 2 ESTIMATE (LSEG median-model style), NOT a disclosure -- see pipeline/tier2_estimation/estimate_tier2.py. Peer group: sector = 'Industrials' (38 Tier 1 peers, floor=5). Revenue-based: median peer tCO2e/$ revenue (1.47256e-05) x this company's revenue ($5,602,506,752) = 82,500 tCO2e. Employee-based: median peer tCO2e/employee (6.87376) x this company's employee count (20,173) = 138,664 tCO2e. Final estimate is the average of the available method(s): 110,582 tCO2e. Split into scope1/scope2 using the peer group's median scope1-share (75.16%) -- this split is a secondary approximation layered on top of the primary total estimate, not independently estimated."
OMC,263922.3,270984.2,median_model_revenue+employees,sector:Communication Services,6,"Tier 2 ESTIMATE (LSEG median-model style), NOT a disclosure -- see pipeline/tier2_estimation/estimate_tier2.py. Peer group: sector = 'Communication Services' (6 Tier 1 peers, floor=5). Revenue-based: median peer tCO2e/$ revenue (6.65458e-06) x this company's revenue ($22,371,299,328) = 148,872 tCO2e. Employee-based: median peer tCO2e/employee (7.67451) x this company's employee count (120,000) = 920,941 tCO2e. Final estimate is the average of the available method(s): 534,906 tCO2e. Split into scope1/scope2 using the peer group's median scope1-share (49.34%) -- this split is a secondary approximation layered on top of the primary total estimate, not independently estimated."
ON,72937.4,0.0,median_model_revenue+employees,sub_industry:Semiconductors,13,"Tier 2 ESTIMATE (LSEG median-model style), NOT a disclosure -- see pipeline/tier2_estimation/estimate_tier2.py. Peer group: sub_industry = 'Semiconductors' (13 Tier 1 peers, floor=5). Revenue-based: median peer tCO2e/$ revenue (6.008e-06) x this company's revenue ($6,197,799,936) = 37,236 tCO2e. Employee-based: median peer tCO2e/employee (4.80701) x this company's employee count (22,600) = 108,638 tCO2e. Final estimate is the average of the available method(s): 72,937 tCO2e. Split into scope1/scope2 using the peer group's median scope1-share (100.00%) -- this split is a secondary approximation layered on top of the primary total estimate, not independently estimated."
OTIS,92591.1,189812.1,median_model_revenue+employees,sub_industry:Industrial Machinery & Supplies & Components,6,"Tier 2 ESTIMATE (LSEG median-model style), NOT a disclosure -- see pipeline/tier2_estimation/estimate_tier2.py. Peer group: sub_industry = 'Industrial Machinery & Supplies & Components' (6 Tier 1 peers, floor=5). Revenue-based: median peer tCO2e/$ revenue (1.29371e-05) x this company's revenue ($14,910,999,552) = 192,904 tCO2e. Employee-based: median peer tCO2e/employee (5.16531) x this company's employee count (72,000) = 371,902 tCO2e. Final estimate is the average of the available method(s): 282,403 tCO2e. Split into scope1/scope2 using the peer group's median scope1-share (32.79%) -- this split is a secondary approximation layered on top of the primary total estimate, not independently estimated."
PKG,2236713.8,158844.6,median_model_revenue+employees,sector:Materials,18,"Tier 2 ESTIMATE (LSEG median-model style), NOT a disclosure -- see pipeline/tier2_estimation/estimate_tier2.py. Peer group: sector = 'Materials' (18 Tier 1 peers, floor=5). Revenue-based: median peer tCO2e/$ revenue (0.000191448) x this company's revenue ($9,534,600,192) = 1,825,378 tCO2e. Employee-based: median peer tCO2e/employee (176.532) x this company's employee count (16,800) = 2,965,739 tCO2e. Final estimate is the average of the available method(s): 2,395,558 tCO2e. Split into scope1/scope2 using the peer group's median scope1-share (93.37%) -- this split is a secondary approximation layered on top of the primary total estimate, not independently estimated."
PLTR,1239.6,4328.6,median_model_revenue+employees,sub_industry:Application Software,7,"Tier 2 ESTIMATE (LSEG median-model style), NOT a disclosure -- see pipeline/tier2_estimation/estimate_tier2.py. Peer group: sub_industry = 'Application Software' (7 Tier 1 peers, floor=5). Revenue-based: median peer tCO2e/$ revenue (1.17089e-06) x this company's revenue ($6,155,940,864) = 7,208 tCO2e. Employee-based: median peer tCO2e/employee (0.89262) x this company's employee count (4,401) = 3,928 tCO2e. Final estimate is the average of the available method(s): 5,568 tCO2e. Split into scope1/scope2 using the peer group's median scope1-share (22.26%) -- this split is a secondary approximation layered on top of the primary total estimate, not independently estimated."
PSKY,81111.4,83281.8,median_model_revenue+employees,sector:Communication Services,6,"Tier 2 ESTIMATE (LSEG median-model style), NOT a disclosure -- see pipeline/tier2_estimation/estimate_tier2.py. Peer group: sector = 'Communication Services' (6 Tier 1 peers, floor=5). Revenue-based: median peer tCO2e/$ revenue (6.65458e-06) x this company's revenue ($29,109,999,616) = 193,715 tCO2e. Employee-based: median peer tCO2e/employee (7.67451) x this company's employee count (17,600) = 135,071 tCO2e. Final estimate is the average of the available method(s): 164,393 tCO2e. Split into scope1/scope2 using the peer group's median scope1-share (49.34%) -- this split is a secondary approximation layered on top of the primary total estimate, not independently estimated."
PAYX,67425.8,22278.9,median_model_revenue+employees,sector:Industrials,38,"Tier 2 ESTIMATE (LSEG median-model style), NOT a disclosure -- see pipeline/tier2_estimation/estimate_tier2.py. Peer group: sector = 'Industrials' (38 Tier 1 peers, floor=5). Revenue-based: median peer tCO2e/$ revenue (1.47256e-05) x this company's revenue ($3,968,000,000) = 58,431 tCO2e. Employee-based: median peer tCO2e/employee (6.87376) x this company's employee count (17,600) = 120,978 tCO2e. Final estimate is the average of the available method(s): 89,705 tCO2e. Split into scope1/scope2 using the peer group's median scope1-share (75.16%) -- this split is a secondary approximation layered on top of the primary total estimate, not independently estimated."
PYPL,17976.1,7383.0,median_model_revenue+employees,sector:Financials,20,"Tier 2 ESTIMATE (LSEG median-model style), NOT a disclosure -- see pipeline/tier2_estimation/estimate_tier2.py. Peer group: sector = 'Financials' (20 Tier 1 peers, floor=5). Revenue-based: median peer tCO2e/$ revenue (9.25042e-07) x this company's revenue ($34,127,998,976) = 31,570 tCO2e. Employee-based: median peer tCO2e/employee (0.804557) x this company's employee count (23,800) = 19,148 tCO2e. Final estimate is the average of the available method(s): 25,359 tCO2e. Split into scope1/scope2 using the peer group's median scope1-share (70.89%) -- this split is a secondary approximation layered on top of the primary total estimate, not independently estimated."
PNR,16129.3,33065.1,median_model_revenue+employees,sub_industry:Industrial Machinery & Supplies & Components,6,"Tier 2 ESTIMATE (LSEG median-model style), NOT a disclosure -- see pipeline/tier2_estimation/estimate_tier2.py. Peer group: sub_industry = 'Industrial Machinery & Supplies & Components' (6 Tier 1 peers, floor=5). Revenue-based: median peer tCO2e/$ revenue (1.29371e-05) x this company's revenue ($4,011,800,064) = 51,901 tCO2e. Employee-based: median peer tCO2e/employee (5.16531) x this company's employee count (9,000) = 46,488 tCO2e. Final estimate is the average of the available method(s): 49,194 tCO2e. Split into scope1/scope2 using the peer group's median scope1-share (32.79%) -- this split is a secondary approximation layered on top of the primary total estimate, not independently estimated."
PNC,23857.9,9798.7,median_model_revenue+employees,sector:Financials,20,"Tier 2 ESTIMATE (LSEG median-model style), NOT a disclosure -- see pipeline/tier2_estimation/estimate_tier2.py. Peer group: sector = 'Financials' (20 Tier 1 peers, floor=5). Revenue-based: median peer tCO2e/$ revenue (9.25042e-07) x this company's revenue ($24,319,000,576) = 22,496 tCO2e. Employee-based: median peer tCO2e/employee (0.804557) x this company's employee count (55,704) = 44,817 tCO2e. Final estimate is the average of the available method(s): 33,657 tCO2e. Split into scope1/scope2 using the peer group's median scope1-share (70.89%) -- this split is a secondary approximation layered on top of the primary total estimate, not independently estimated."
PFG,10762.9,4420.4,median_model_revenue+employees,sector:Financials,20,"Tier 2 ESTIMATE (LSEG median-model style), NOT a disclosure -- see pipeline/tier2_estimation/estimate_tier2.py. Peer group: sector = 'Financials' (20 Tier 1 peers, floor=5). Revenue-based: median peer tCO2e/$ revenue (9.25042e-07) x this company's revenue ($15,693,200,384) = 14,517 tCO2e. Employee-based: median peer tCO2e/employee (0.804557) x this company's employee count (19,700) = 15,850 tCO2e. Final estimate is the average of the available method(s): 15,183 tCO2e. Split into scope1/scope2 using the peer group's median scope1-share (70.89%) -- this split is a secondary approximation layered on top of the primary total estimate, not independently estimated."
PGR,49818.1,20460.9,median_model_revenue+employees,sector:Financials,20,"Tier 2 ESTIMATE (LSEG median-model style), NOT a disclosure -- see pipeline/tier2_estimation/estimate_tier2.py. Peer group: sector = 'Financials' (20 Tier 1 peers, floor=5). Revenue-based: median peer tCO2e/$ revenue (9.25042e-07) x this company's revenue ($91,019,001,856) = 84,196 tCO2e. Employee-based: median peer tCO2e/employee (0.804557) x this company's employee count (70,053) = 56,362 tCO2e. Final estimate is the average of the available method(s): 70,279 tCO2e. Split into scope1/scope2 using the peer group's median scope1-share (70.89%) -- this split is a secondary approximation layered on top of the primary total estimate, not independently estimated."
PRU,31823.4,13070.3,median_model_revenue+employees,sector:Financials,20,"Tier 2 ESTIMATE (LSEG median-model style), NOT a disclosure -- see pipeline/tier2_estimation/estimate_tier2.py. Peer group: sector = 'Financials' (20 Tier 1 peers, floor=5). Revenue-based: median peer tCO2e/$ revenue (9.25042e-07) x this company's revenue ($65,223,999,488) = 60,335 tCO2e. Employee-based: median peer tCO2e/employee (0.804557) x this company's employee count (36,607) = 29,452 tCO2e. Final estimate is the average of the available method(s): 44,894 tCO2e. Split into scope1/scope2 using the peer group's median scope1-share (70.89%) -- this split is a secondary approximation layered on top of the primary total estimate, not independently estimated."
PTC,1080.5,3773.1,median_model_revenue+employees,sub_industry:Application Software,7,"Tier 2 ESTIMATE (LSEG median-model style), NOT a disclosure -- see pipeline/tier2_estimation/estimate_tier2.py. Peer group: sub_industry = 'Application Software' (7 Tier 1 peers, floor=5). Revenue-based: median peer tCO2e/$ revenue (1.17089e-06) x this company's revenue ($2,953,971,968) = 3,459 tCO2e. Employee-based: median peer tCO2e/employee (0.89262) x this company's employee count (7,000) = 6,248 tCO2e. Final estimate is the average of the available method(s): 4,854 tCO2e. Split into scope1/scope2 using the peer group's median scope1-share (22.26%) -- this split is a secondary approximation layered on top of the primary total estimate, not independently estimated."
PSA,12689.3,22554.4,median_model_revenue+employees,sector:Real Estate,8,"Tier 2 ESTIMATE (LSEG median-model style), NOT a disclosure -- see pipeline/tier2_estimation/estimate_tier2.py. Peer group: sector = 'Real Estate' (8 Tier 1 peers, floor=5). Revenue-based: median peer tCO2e/$ revenue (9.26543e-06) x this company's revenue ($4,910,444,032) = 45,497 tCO2e. Employee-based: median peer tCO2e/employee (4.331) x this company's employee count (5,770) = 24,990 tCO2e. Final estimate is the average of the available method(s): 35,244 tCO2e. Split into scope1/scope2 using the peer group's median scope1-share (36.00%) -- this split is a secondary approximation layered on top of the primary total estimate, not independently estimated."
PHM,34115.1,41937.5,median_model_revenue+employees,sector:Consumer Discretionary,21,"Tier 2 ESTIMATE (LSEG median-model style), NOT a disclosure -- see pipeline/tier2_estimation/estimate_tier2.py. Peer group: sector = 'Consumer Discretionary' (21 Tier 1 peers, floor=5). Revenue-based: median peer tCO2e/$ revenue (8.12116e-06) x this company's revenue ($16,407,075,840) = 133,245 tCO2e. Employee-based: median peer tCO2e/employee (2.89897) x this company's employee count (6,506) = 18,861 tCO2e. Final estimate is the average of the available method(s): 76,053 tCO2e. Split into scope1/scope2 using the peer group's median scope1-share (44.86%) -- this split is a secondary approximation layered on top of the primary total estimate, not independently estimated."
PWR,361643.1,119494.5,median_model_revenue+employees,sector:Industrials,38,"Tier 2 ESTIMATE (LSEG median-model style), NOT a disclosure -- see pipeline/tier2_estimation/estimate_tier2.py. Peer group: sector = 'Industrials' (38 Tier 1 peers, floor=5). Revenue-based: median peer tCO2e/$ revenue (1.47256e-05) x this company's revenue ($32,905,140,224) = 484,549 tCO2e. Employee-based: median peer tCO2e/employee (6.87376) x this company's employee count (69,500) = 477,726 tCO2e. Final estimate is the average of the available method(s): 481,138 tCO2e. Split into scope1/scope2 using the peer group's median scope1-share (75.16%) -- this split is a secondary approximation layered on top of the primary total estimate, not independently estimated."
Q,6065.1,15262.9,median_model_revenue+employees,sector:Information Technology,37,"Tier 2 ESTIMATE (LSEG median-model style), NOT a disclosure -- see pipeline/tier2_estimation/estimate_tier2.py. Peer group: sector = 'Information Technology' (37 Tier 1 peers, floor=5). Revenue-based: median peer tCO2e/$ revenue (3.55838e-06) x this company's revenue ($5,209,999,872) = 18,539 tCO2e. Employee-based: median peer tCO2e/employee (2.41167) x this company's employee count (10,000) = 24,117 tCO2e. Final estimate is the average of the available method(s): 21,328 tCO2e. Split into scope1/scope2 using the peer group's median scope1-share (28.44%) -- this split is a secondary approximation layered on top of the primary total estimate, not independently estimated."
RJF,10557.3,4336.0,median_model_revenue+employees,sector:Financials,20,"Tier 2 ESTIMATE (LSEG median-model style), NOT a disclosure -- see pipeline/tier2_estimation/estimate_tier2.py. Peer group: sector = 'Financials' (20 Tier 1 peers, floor=5). Revenue-based: median peer tCO2e/$ revenue (9.25042e-07) x this company's revenue ($15,239,999,488) = 14,098 tCO2e. Employee-based: median peer tCO2e/employee (0.804557) x this company's employee count (19,500) = 15,689 tCO2e. Final estimate is the average of the available method(s): 14,893 tCO2e. Split into scope1/scope2 using the peer group's median scope1-share (70.89%) -- this split is a secondary approximation layered on top of the primary total estimate, not independently estimated."
RDDT,9399.3,9650.8,median_model_revenue+employees,sector:Communication Services,6,"Tier 2 ESTIMATE (LSEG median-model style), NOT a disclosure -- see pipeline/tier2_estimation/estimate_tier2.py. Peer group: sector = 'Communication Services' (6 Tier 1 peers, floor=5). Revenue-based: median peer tCO2e/$ revenue (6.65458e-06) x this company's revenue ($2,778,833,920) = 18,492 tCO2e. Employee-based: median peer tCO2e/employee (7.67451) x this company's employee count (2,555) = 19,608 tCO2e. Final estimate is the average of the available method(s): 19,050 tCO2e. Split into scope1/scope2 using the peer group's median scope1-share (49.34%) -- this split is a secondary approximation layered on top of the primary total estimate, not independently estimated."
O,10541.3,18736.5,median_model_revenue+employees,sector:Real Estate,8,"Tier 2 ESTIMATE (LSEG median-model style), NOT a disclosure -- see pipeline/tier2_estimation/estimate_tier2.py. Peer group: sector = 'Real Estate' (8 Tier 1 peers, floor=5). Revenue-based: median peer tCO2e/$ revenue (9.26543e-06) x this company's revenue ($6,065,508,864) = 56,200 tCO2e. Employee-based: median peer tCO2e/employee (4.331) x this company's employee count (544) = 2,356 tCO2e. Final estimate is the average of the available method(s): 29,278 tCO2e. Split into scope1/scope2 using the peer group's median scope1-share (36.00%) -- this split is a secondary approximation layered on top of the primary total estimate, not independently estimated."
REG,3203.6,5694.2,median_model_revenue+employees,sector:Real Estate,8,"Tier 2 ESTIMATE (LSEG median-model style), NOT a disclosure -- see pipeline/tier2_estimation/estimate_tier2.py. Peer group: sector = 'Real Estate' (8 Tier 1 peers, floor=5). Revenue-based: median peer tCO2e/$ revenue (9.26543e-06) x this company's revenue ($1,685,532,032) = 15,617 tCO2e. Employee-based: median peer tCO2e/employee (4.331) x this company's employee count (503) = 2,178 tCO2e. Final estimate is the average of the available method(s): 8,898 tCO2e. Split into scope1/scope2 using the peer group's median scope1-share (36.00%) -- this split is a secondary approximation layered on top of the primary total estimate, not independently estimated."
RF,8077.1,3317.4,median_model_revenue+employees,sector:Financials,20,"Tier 2 ESTIMATE (LSEG median-model style), NOT a disclosure -- see pipeline/tier2_estimation/estimate_tier2.py. Peer group: sector = 'Financials' (20 Tier 1 peers, floor=5). Revenue-based: median peer tCO2e/$ revenue (9.25042e-07) x this company's revenue ($7,238,000,128) = 6,695 tCO2e. Employee-based: median peer tCO2e/employee (0.804557) x this company's employee count (20,003) = 16,094 tCO2e. Final estimate is the average of the available method(s): 11,395 tCO2e. Split into scope1/scope2 using the peer group's median scope1-share (70.89%) -- this split is a secondary approximation layered on top of the primary total estimate, not independently estimated."
RMD,7681.4,16309.4,median_model_revenue+employees,sub_industry:Health Care Equipment,5,"Tier 2 ESTIMATE (LSEG median-model style), NOT a disclosure -- see pipeline/tier2_estimation/estimate_tier2.py. Peer group: sub_industry = 'Health Care Equipment' (5 Tier 1 peers, floor=5). Revenue-based: median peer tCO2e/$ revenue (4.88288e-06) x this company's revenue ($5,653,443,072) = 27,605 tCO2e. Employee-based: median peer tCO2e/employee (1.79212) x this company's employee count (11,370) = 20,376 tCO2e. Final estimate is the average of the available method(s): 23,991 tCO2e. Split into scope1/scope2 using the peer group's median scope1-share (32.02%) -- this split is a secondary approximation layered on top of the primary total estimate, not independently estimated."
RVTY,5432.1,11533.6,median_model_revenue+employees,sub_industry:Health Care Equipment,5,"Tier 2 ESTIMATE (LSEG median-model style), NOT a disclosure -- see pipeline/tier2_estimation/estimate_tier2.py. Peer group: sub_industry = 'Health Care Equipment' (5 Tier 1 peers, floor=5). Revenue-based: median peer tCO2e/$ revenue (4.88288e-06) x this company's revenue ($2,911,811,072) = 14,218 tCO2e. Employee-based: median peer tCO2e/employee (1.79212) x this company's employee count (11,000) = 19,713 tCO2e. Final estimate is the average of the available method(s): 16,966 tCO2e. Split into scope1/scope2 using the peer group's median scope1-share (32.02%) -- this split is a secondary approximation layered on top of the primary total estimate, not independently estimated."
HOOD,2444.0,1003.8,median_model_revenue+employees,sector:Financials,20,"Tier 2 ESTIMATE (LSEG median-model style), NOT a disclosure -- see pipeline/tier2_estimation/estimate_tier2.py. Peer group: sector = 'Financials' (20 Tier 1 peers, floor=5). Revenue-based: median peer tCO2e/$ revenue (9.25042e-07) x this company's revenue ($4,931,999,744) = 4,562 tCO2e. Employee-based: median peer tCO2e/employee (0.804557) x this company's employee count (2,900) = 2,333 tCO2e. Final estimate is the average of the available method(s): 3,448 tCO2e. Split into scope1/scope2 using the peer group's median scope1-share (70.89%) -- this split is a secondary approximation layered on top of the primary total estimate, not independently estimated."
ROK,116824.2,38601.2,median_model_revenue+employees,sector:Industrials,38,"Tier 2 ESTIMATE (LSEG median-model style), NOT a disclosure -- see pipeline/tier2_estimation/estimate_tier2.py. Peer group: sector = 'Industrials' (38 Tier 1 peers, floor=5). Revenue-based: median peer tCO2e/$ revenue (1.47256e-05) x this company's revenue ($8,972,999,680) = 132,133 tCO2e. Employee-based: median peer tCO2e/employee (6.87376) x this company's employee count (26,000) = 178,718 tCO2e. Final estimate is the average of the available method(s): 155,425 tCO2e. Split into scope1/scope2 using the peer group's median scope1-share (75.16%) -- this split is a secondary approximation layered on top of the primary total estimate, not independently estimated."
ROL,78548.9,25954.2,median_model_revenue+employees,sector:Industrials,38,"Tier 2 ESTIMATE (LSEG median-model style), NOT a disclosure -- see pipeline/tier2_estimation/estimate_tier2.py. Peer group: sector = 'Industrials' (38 Tier 1 peers, floor=5). Revenue-based: median peer tCO2e/$ revenue (1.47256e-05) x this company's revenue ($3,924,018,944) = 57,784 tCO2e. Employee-based: median peer tCO2e/employee (6.87376) x this company's employee count (22,000) = 151,223 tCO2e. Final estimate is the average of the available method(s): 104,503 tCO2e. Split into scope1/scope2 using the peer group's median scope1-share (75.16%) -- this split is a secondary approximation layered on top of the primary total estimate, not independently estimated."
ROP,10841.8,27283.7,median_model_revenue+employees,sector:Information Technology,37,"Tier 2 ESTIMATE (LSEG median-model style), NOT a disclosure -- see pipeline/tier2_estimation/estimate_tier2.py. Peer group: sector = 'Information Technology' (37 Tier 1 peers, floor=5). Revenue-based: median peer tCO2e/$ revenue (3.55838e-06) x this company's revenue ($8,280,300,032) = 29,464 tCO2e. Employee-based: median peer tCO2e/employee (2.41167) x this company's employee count (19,400) = 46,786 tCO2e. Final estimate is the average of the available method(s): 38,125 tCO2e. Split into scope1/scope2 using the peer group's median scope1-share (28.44%) -- this split is a secondary approximation layered on top of the primary total estimate, not independently estimated."
ROST,116819.5,143605.6,median_model_revenue+employees,sector:Consumer Discretionary,21,"Tier 2 ESTIMATE (LSEG median-model style), NOT a disclosure -- see pipeline/tier2_estimation/estimate_tier2.py. Peer group: sector = 'Consumer Discretionary' (21 Tier 1 peers, floor=5). Revenue-based: median peer tCO2e/$ revenue (8.12116e-06) x this company's revenue ($24,511,797,248) = 199,064 tCO2e. Employee-based: median peer tCO2e/employee (2.89897) x this company's employee count (111,000) = 321,786 tCO2e. Final estimate is the average of the available method(s): 260,425 tCO2e. Split into scope1/scope2 using the peer group's median scope1-share (44.86%) -- this split is a secondary approximation layered on top of the primary total estimate, not independently estimated."
RCL,104217.6,128114.2,median_model_revenue+employees,sector:Consumer Discretionary,21,"Tier 2 ESTIMATE (LSEG median-model style), NOT a disclosure -- see pipeline/tier2_estimation/estimate_tier2.py. Peer group: sector = 'Consumer Discretionary' (21 Tier 1 peers, floor=5). Revenue-based: median peer tCO2e/$ revenue (8.12116e-06) x this company's revenue ($18,681,999,360) = 151,720 tCO2e. Employee-based: median peer tCO2e/employee (2.89897) x this company's employee count (107,950) = 312,944 tCO2e. Final estimate is the average of the available method(s): 232,332 tCO2e. Split into scope1/scope2 using the peer group's median scope1-share (44.86%) -- this split is a secondary approximation layered on top of the primary total estimate, not independently estimated."
SPGI,17975.4,7382.7,median_model_revenue+employees,sector:Financials,20,"Tier 2 ESTIMATE (LSEG median-model style), NOT a disclosure -- see pipeline/tier2_estimation/estimate_tier2.py. Peer group: sector = 'Financials' (20 Tier 1 peers, floor=5). Revenue-based: median peer tCO2e/$ revenue (9.25042e-07) x this company's revenue ($16,122,000,384) = 14,914 tCO2e. Employee-based: median peer tCO2e/employee (0.804557) x this company's employee count (44,500) = 35,803 tCO2e. Final estimate is the average of the available method(s): 25,358 tCO2e. Split into scope1/scope2 using the peer group's median scope1-share (70.89%) -- this split is a secondary approximation layered on top of the primary total estimate, not independently estimated."
SNDK,14050.7,35359.1,median_model_revenue+employees,sector:Information Technology,37,"Tier 2 ESTIMATE (LSEG median-model style), NOT a disclosure -- see pipeline/tier2_estimation/estimate_tier2.py. Peer group: sector = 'Information Technology' (37 Tier 1 peers, floor=5). Revenue-based: median peer tCO2e/$ revenue (3.55838e-06) x this company's revenue ($20,248,000,512) = 72,050 tCO2e. Employee-based: median peer tCO2e/employee (2.41167) x this company's employee count (11,100) = 26,770 tCO2e. Final estimate is the average of the available method(s): 49,410 tCO2e. Split into scope1/scope2 using the peer group's median scope1-share (28.44%) -- this split is a secondary approximation layered on top of the primary total estimate, not independently estimated."
SBAC,6225.9,11066.1,median_model_revenue+employees,sector:Real Estate,8,"Tier 2 ESTIMATE (LSEG median-model style), NOT a disclosure -- see pipeline/tier2_estimation/estimate_tier2.py. Peer group: sector = 'Real Estate' (8 Tier 1 peers, floor=5). Revenue-based: median peer tCO2e/$ revenue (9.26543e-06) x this company's revenue ($2,870,621,952) = 26,598 tCO2e. Employee-based: median peer tCO2e/employee (4.331) x this company's employee count (1,844) = 7,986 tCO2e. Final estimate is the average of the available method(s): 17,292 tCO2e. Split into scope1/scope2 using the peer group's median scope1-share (36.00%) -- this split is a secondary approximation layered on top of the primary total estimate, not independently estimated."
SRE,25966397.5,0.0,median_model_revenue+employees,sub_industry:Multi-Utilities,11,"Tier 2 ESTIMATE (LSEG median-model style), NOT a disclosure -- see pipeline/tier2_estimation/estimate_tier2.py. Peer group: sub_industry = 'Multi-Utilities' (11 Tier 1 peers, floor=5). Revenue-based: median peer tCO2e/$ revenue (0.00151343) x this company's revenue ($13,552,000,000) = 20,510,040 tCO2e. Employee-based: median peer tCO2e/employee (1971.56) x this company's employee count (15,938) = 31,422,755 tCO2e. Final estimate is the average of the available method(s): 25,966,397 tCO2e. Split into scope1/scope2 using the peer group's median scope1-share (100.00%) -- this split is a secondary approximation layered on top of the primary total estimate, not independently estimated."
SPG,13994.0,24873.4,median_model_revenue+employees,sector:Real Estate,8,"Tier 2 ESTIMATE (LSEG median-model style), NOT a disclosure -- see pipeline/tier2_estimation/estimate_tier2.py. Peer group: sector = 'Real Estate' (8 Tier 1 peers, floor=5). Revenue-based: median peer tCO2e/$ revenue (9.26543e-06) x this company's revenue ($6,940,724,224) = 64,309 tCO2e. Employee-based: median peer tCO2e/employee (4.331) x this company's employee count (3,100) = 13,426 tCO2e. Final estimate is the average of the available method(s): 38,867 tCO2e. Split into scope1/scope2 using the peer group's median scope1-share (36.00%) -- this split is a secondary approximation layered on top of the primary total estimate, not independently estimated."
SW,10711488.7,760697.1,median_model_revenue+employees,sector:Materials,18,"Tier 2 ESTIMATE (LSEG median-model style), NOT a disclosure -- see pipeline/tier2_estimation/estimate_tier2.py. Peer group: sector = 'Materials' (18 Tier 1 peers, floor=5). Revenue-based: median peer tCO2e/$ revenue (0.000191448) x this company's revenue ($31,325,999,104) = 5,997,293 tCO2e. Employee-based: median peer tCO2e/employee (176.532) x this company's employee count (96,000) = 16,947,079 tCO2e. Final estimate is the average of the available method(s): 11,472,186 tCO2e. Split into scope1/scope2 using the peer group's median scope1-share (93.37%) -- this split is a secondary approximation layered on top of the primary total estimate, not independently estimated."
SNA,22195.2,45500.2,median_model_revenue+employees,sub_industry:Industrial Machinery & Supplies & Components,6,"Tier 2 ESTIMATE (LSEG median-model style), NOT a disclosure -- see pipeline/tier2_estimation/estimate_tier2.py. Peer group: sub_industry = 'Industrial Machinery & Supplies & Components' (6 Tier 1 peers, floor=5). Revenue-based: median peer tCO2e/$ revenue (1.29371e-05) x this company's revenue ($5,274,899,968) = 68,242 tCO2e. Employee-based: median peer tCO2e/employee (5.16531) x this company's employee count (13,000) = 67,149 tCO2e. Final estimate is the average of the available method(s): 67,695 tCO2e. Split into scope1/scope2 using the peer group's median scope1-share (32.79%) -- this split is a secondary approximation layered on top of the primary total estimate, not independently estimated."
SOLV,31419.4,25461.6,median_model_revenue+employees,sector:Health Care,23,"Tier 2 ESTIMATE (LSEG median-model style), NOT a disclosure -- see pipeline/tier2_estimation/estimate_tier2.py. Peer group: sector = 'Health Care' (23 Tier 1 peers, floor=5). Revenue-based: median peer tCO2e/$ revenue (4.88288e-06) x this company's revenue ($8,310,000,128) = 40,577 tCO2e. Employee-based: median peer tCO2e/employee (3.55545) x this company's employee count (20,584) = 73,185 tCO2e. Final estimate is the average of the available method(s): 56,881 tCO2e. Split into scope1/scope2 using the peer group's median scope1-share (55.24%) -- this split is a secondary approximation layered on top of the primary total estimate, not independently estimated."
LUV,356189.0,117692.4,median_model_revenue+employees,sector:Industrials,38,"Tier 2 ESTIMATE (LSEG median-model style), NOT a disclosure -- see pipeline/tier2_estimation/estimate_tier2.py. Peer group: sector = 'Industrials' (38 Tier 1 peers, floor=5). Revenue-based: median peer tCO2e/$ revenue (1.47256e-05) x this company's revenue ($30,072,999,936) = 442,844 tCO2e. Employee-based: median peer tCO2e/employee (6.87376) x this company's employee count (73,456) = 504,919 tCO2e. Final estimate is the average of the available method(s): 473,881 tCO2e. Split into scope1/scope2 using the peer group's median scope1-share (75.16%) -- this split is a secondary approximation layered on top of the primary total estimate, not independently estimated."
SWK,67055.3,137463.7,median_model_revenue+employees,sub_industry:Industrial Machinery & Supplies & Components,6,"Tier 2 ESTIMATE (LSEG median-model style), NOT a disclosure -- see pipeline/tier2_estimation/estimate_tier2.py. Peer group: sub_industry = 'Industrial Machinery & Supplies & Components' (6 Tier 1 peers, floor=5). Revenue-based: median peer tCO2e/$ revenue (1.29371e-05) x this company's revenue ($15,247,699,968) = 197,260 tCO2e. Employee-based: median peer tCO2e/employee (5.16531) x this company's employee count (41,000) = 211,778 tCO2e. Final estimate is the average of the available method(s): 204,519 tCO2e. Split into scope1/scope2 using the peer group's median scope1-share (32.79%) -- this split is a secondary approximation layered on top of the primary total estimate, not independently estimated."
SBUX,317557.9,390372.1,median_model_revenue+employees,sector:Consumer Discretionary,21,"Tier 2 ESTIMATE (LSEG median-model style), NOT a disclosure -- see pipeline/tier2_estimation/estimate_tier2.py. Peer group: sector = 'Consumer Discretionary' (21 Tier 1 peers, floor=5). Revenue-based: median peer tCO2e/$ revenue (8.12116e-06) x this company's revenue ($38,338,301,952) = 311,352 tCO2e. Employee-based: median peer tCO2e/employee (2.89897) x this company's employee count (381,000) = 1,104,508 tCO2e. Final estimate is the average of the available method(s): 707,930 tCO2e. Split into scope1/scope2 using the peer group's median scope1-share (44.86%) -- this split is a secondary approximation layered on top of the primary total estimate, not independently estimated."
STT,19612.1,8054.9,median_model_revenue+employees,sector:Financials,20,"Tier 2 ESTIMATE (LSEG median-model style), NOT a disclosure -- see pipeline/tier2_estimation/estimate_tier2.py. Peer group: sector = 'Financials' (20 Tier 1 peers, floor=5). Revenue-based: median peer tCO2e/$ revenue (9.25042e-07) x this company's revenue ($15,022,999,552) = 13,897 tCO2e. Employee-based: median peer tCO2e/employee (0.804557) x this company's employee count (51,503) = 41,437 tCO2e. Final estimate is the average of the available method(s): 27,667 tCO2e. Split into scope1/scope2 using the peer group's median scope1-share (70.89%) -- this split is a secondary approximation layered on top of the primary total estimate, not independently estimated."
STE,9865.7,20947.2,median_model_revenue+employees,sub_industry:Health Care Equipment,5,"Tier 2 ESTIMATE (LSEG median-model style), NOT a disclosure -- see pipeline/tier2_estimation/estimate_tier2.py. Peer group: sub_industry = 'Health Care Equipment' (5 Tier 1 peers, floor=5). Revenue-based: median peer tCO2e/$ revenue (4.88288e-06) x this company's revenue ($6,037,499,904) = 29,480 tCO2e. Employee-based: median peer tCO2e/employee (1.79212) x this company's employee count (17,937) = 32,145 tCO2e. Final estimate is the average of the available method(s): 30,813 tCO2e. Split into scope1/scope2 using the peer group's median scope1-share (32.02%) -- this split is a secondary approximation layered on top of the primary total estimate, not independently estimated."
SYK,36263.4,76995.6,median_model_revenue+employees,sub_industry:Health Care Equipment,5,"Tier 2 ESTIMATE (LSEG median-model style), NOT a disclosure -- see pipeline/tier2_estimation/estimate_tier2.py. Peer group: sub_industry = 'Health Care Equipment' (5 Tier 1 peers, floor=5). Revenue-based: median peer tCO2e/$ revenue (4.88288e-06) x this company's revenue ($25,837,000,704) = 126,159 tCO2e. Employee-based: median peer tCO2e/employee (1.79212) x this company's employee count (56,000) = 100,359 tCO2e. Final estimate is the average of the available method(s): 113,259 tCO2e. Split into scope1/scope2 using the peer group's median scope1-share (32.02%) -- this split is a secondary approximation layered on top of the primary total estimate, not independently estimated."
SMCI,22164.3,55777.2,median_model_revenue+employees,sector:Information Technology,37,"Tier 2 ESTIMATE (LSEG median-model style), NOT a disclosure -- see pipeline/tier2_estimation/estimate_tier2.py. Peer group: sector = 'Information Technology' (37 Tier 1 peers, floor=5). Revenue-based: median peer tCO2e/$ revenue (3.55838e-06) x this company's revenue ($39,063,072,768) = 139,001 tCO2e. Employee-based: median peer tCO2e/employee (2.41167) x this company's employee count (7,000) = 16,882 tCO2e. Final estimate is the average of the available method(s): 77,942 tCO2e. Split into scope1/scope2 using the peer group's median scope1-share (28.44%) -- this split is a secondary approximation layered on top of the primary total estimate, not independently estimated."
SYF,8951.7,3676.6,median_model_revenue+employees,sector:Financials,20,"Tier 2 ESTIMATE (LSEG median-model style), NOT a disclosure -- see pipeline/tier2_estimation/estimate_tier2.py. Peer group: sector = 'Financials' (20 Tier 1 peers, floor=5). Revenue-based: median peer tCO2e/$ revenue (9.25042e-07) x this company's revenue ($9,907,999,744) = 9,165 tCO2e. Employee-based: median peer tCO2e/employee (0.804557) x this company's employee count (20,000) = 16,091 tCO2e. Final estimate is the average of the available method(s): 12,628 tCO2e. Split into scope1/scope2 using the peer group's median scope1-share (70.89%) -- this split is a secondary approximation layered on top of the primary total estimate, not independently estimated."
TROW,4640.4,1905.9,median_model_revenue+employees,sector:Financials,20,"Tier 2 ESTIMATE (LSEG median-model style), NOT a disclosure -- see pipeline/tier2_estimation/estimate_tier2.py. Peer group: sector = 'Financials' (20 Tier 1 peers, floor=5). Revenue-based: median peer tCO2e/$ revenue (9.25042e-07) x this company's revenue ($7,592,000,000) = 7,023 tCO2e. Employee-based: median peer tCO2e/employee (0.804557) x this company's employee count (7,544) = 6,070 tCO2e. Final estimate is the average of the available method(s): 6,546 tCO2e. Split into scope1/scope2 using the peer group's median scope1-share (70.89%) -- this split is a secondary approximation layered on top of the primary total estimate, not independently estimated."
TTWO,35417.7,36365.4,median_model_revenue+employees,sector:Communication Services,6,"Tier 2 ESTIMATE (LSEG median-model style), NOT a disclosure -- see pipeline/tier2_estimation/estimate_tier2.py. Peer group: sector = 'Communication Services' (6 Tier 1 peers, floor=5). Revenue-based: median peer tCO2e/$ revenue (6.65458e-06) x this company's revenue ($6,686,499,840) = 44,496 tCO2e. Employee-based: median peer tCO2e/employee (7.67451) x this company's employee count (12,909) = 99,070 tCO2e. Final estimate is the average of the available method(s): 71,783 tCO2e. Split into scope1/scope2 using the peer group's median scope1-share (49.34%) -- this split is a secondary approximation layered on top of the primary total estimate, not independently estimated."
TER,4521.8,11379.1,median_model_revenue+employees,sector:Information Technology,37,"Tier 2 ESTIMATE (LSEG median-model style), NOT a disclosure -- see pipeline/tier2_estimation/estimate_tier2.py. Peer group: sector = 'Information Technology' (37 Tier 1 peers, floor=5). Revenue-based: median peer tCO2e/$ revenue (3.55838e-06) x this company's revenue ($4,464,031,232) = 15,885 tCO2e. Employee-based: median peer tCO2e/employee (2.41167) x this company's employee count (6,600) = 15,917 tCO2e. Final estimate is the average of the available method(s): 15,901 tCO2e. Split into scope1/scope2 using the peer group's median scope1-share (28.44%) -- this split is a secondary approximation layered on top of the primary total estimate, not independently estimated."
TPL,133249.8,420.4,median_model_revenue+employees,sub_industry:Oil & Gas Exploration & Production,6,"Tier 2 ESTIMATE (LSEG median-model style), NOT a disclosure -- see pipeline/tier2_estimation/estimate_tier2.py. Peer group: sub_industry = 'Oil & Gas Exploration & Production' (6 Tier 1 peers, floor=5). Revenue-based: median peer tCO2e/$ revenue (0.000202181) x this company's revenue ($897,540,992) = 181,466 tCO2e. Employee-based: median peer tCO2e/employee (753.284) x this company's employee count (114) = 85,874 tCO2e. Final estimate is the average of the available method(s): 133,670 tCO2e. Split into scope1/scope2 using the peer group's median scope1-share (99.69%) -- this split is a secondary approximation layered on top of the primary total estimate, not independently estimated."
TKO,16277.2,16712.7,median_model_revenue+employees,sector:Communication Services,6,"Tier 2 ESTIMATE (LSEG median-model style), NOT a disclosure -- see pipeline/tier2_estimation/estimate_tier2.py. Peer group: sector = 'Communication Services' (6 Tier 1 peers, floor=5). Revenue-based: median peer tCO2e/$ revenue (6.65458e-06) x this company's revenue ($5,301,862,912) = 35,282 tCO2e. Employee-based: median peer tCO2e/employee (7.67451) x this company's employee count (4,000) = 30,698 tCO2e. Final estimate is the average of the available method(s): 32,990 tCO2e. Split into scope1/scope2 using the peer group's median scope1-share (49.34%) -- this split is a secondary approximation layered on top of the primary total estimate, not independently estimated."
TTD,12184.8,12510.8,median_model_revenue+employees,sector:Communication Services,6,"Tier 2 ESTIMATE (LSEG median-model style), NOT a disclosure -- see pipeline/tier2_estimation/estimate_tier2.py. Peer group: sector = 'Communication Services' (6 Tier 1 peers, floor=5). Revenue-based: median peer tCO2e/$ revenue (6.65458e-06) x this company's revenue ($2,990,138,112) = 19,898 tCO2e. Employee-based: median peer tCO2e/employee (7.67451) x this company's employee count (3,843) = 29,493 tCO2e. Final estimate is the average of the available method(s): 24,696 tCO2e. Split into scope1/scope2 using the peer group's median scope1-share (49.34%) -- this split is a secondary approximation layered on top of the primary total estimate, not independently estimated."
TDG,27744.7,0.0,median_model_revenue+employees,sub_industry:Aerospace & Defense,9,"Tier 2 ESTIMATE (LSEG median-model style), NOT a disclosure -- see pipeline/tier2_estimation/estimate_tier2.py. Peer group: sub_industry = 'Aerospace & Defense' (9 Tier 1 peers, floor=5). Revenue-based: median peer tCO2e/$ revenue (3.63289e-06) x this company's revenue ($10,005,999,616) = 36,351 tCO2e. Employee-based: median peer tCO2e/employee (1.15992) x this company's employee count (16,500) = 19,139 tCO2e. Final estimate is the average of the available method(s): 27,745 tCO2e. Split into scope1/scope2 using the peer group's median scope1-share (100.00%) -- this split is a secondary approximation layered on top of the primary total estimate, not independently estimated."
TRV,25753.9,10577.4,median_model_revenue+employees,sector:Financials,20,"Tier 2 ESTIMATE (LSEG median-model style), NOT a disclosure -- see pipeline/tier2_estimation/estimate_tier2.py. Peer group: sector = 'Financials' (20 Tier 1 peers, floor=5). Revenue-based: median peer tCO2e/$ revenue (9.25042e-07) x this company's revenue ($48,979,001,344) = 45,308 tCO2e. Employee-based: median peer tCO2e/employee (0.804557) x this company's employee count (34,000) = 27,355 tCO2e. Final estimate is the average of the available method(s): 36,331 tCO2e. Split into scope1/scope2 using the peer group's median scope1-share (70.89%) -- this split is a secondary approximation layered on top of the primary total estimate, not independently estimated."
TRMB,1635.6,5711.6,median_model_revenue+employees,sub_industry:Application Software,7,"Tier 2 ESTIMATE (LSEG median-model style), NOT a disclosure -- see pipeline/tier2_estimation/estimate_tier2.py. Peer group: sub_industry = 'Application Software' (7 Tier 1 peers, floor=5). Revenue-based: median peer tCO2e/$ revenue (1.17089e-06) x this company's revenue ($3,782,899,968) = 4,429 tCO2e. Employee-based: median peer tCO2e/employee (0.89262) x this company's employee count (11,500) = 10,265 tCO2e. Final estimate is the average of the available method(s): 7,347 tCO2e. Split into scope1/scope2 using the peer group's median scope1-share (22.26%) -- this split is a secondary approximation layered on top of the primary total estimate, not independently estimated."
TYL,1099.5,3839.4,median_model_revenue+employees,sub_industry:Application Software,7,"Tier 2 ESTIMATE (LSEG median-model style), NOT a disclosure -- see pipeline/tier2_estimation/estimate_tier2.py. Peer group: sub_industry = 'Application Software' (7 Tier 1 peers, floor=5). Revenue-based: median peer tCO2e/$ revenue (1.17089e-06) x this company's revenue ($2,429,657,088) = 2,845 tCO2e. Employee-based: median peer tCO2e/employee (0.89262) x this company's employee count (7,879) = 7,033 tCO2e. Final estimate is the average of the available method(s): 4,939 tCO2e. Split into scope1/scope2 using the peer group's median scope1-share (22.26%) -- this split is a secondary approximation layered on top of the primary total estimate, not independently estimated."
UBER,400186.1,132229.9,median_model_revenue+employees,sector:Industrials,38,"Tier 2 ESTIMATE (LSEG median-model style), NOT a disclosure -- see pipeline/tier2_estimation/estimate_tier2.py. Peer group: sector = 'Industrials' (38 Tier 1 peers, floor=5). Revenue-based: median peer tCO2e/$ revenue (1.47256e-05) x this company's revenue ($55,226,998,784) = 813,252 tCO2e. Employee-based: median peer tCO2e/employee (6.87376) x this company's employee count (36,600) = 251,580 tCO2e. Final estimate is the average of the available method(s): 532,416 tCO2e. Split into scope1/scope2 using the peer group's median scope1-share (75.16%) -- this split is a secondary approximation layered on top of the primary total estimate, not independently estimated."
UDR,4053.3,7204.6,median_model_revenue+employees,sector:Real Estate,8,"Tier 2 ESTIMATE (LSEG median-model style), NOT a disclosure -- see pipeline/tier2_estimation/estimate_tier2.py. Peer group: sector = 'Real Estate' (8 Tier 1 peers, floor=5). Revenue-based: median peer tCO2e/$ revenue (9.26543e-06) x this company's revenue ($1,766,329,984) = 16,366 tCO2e. Employee-based: median peer tCO2e/employee (4.331) x this company's employee count (1,420) = 6,150 tCO2e. Final estimate is the average of the available method(s): 11,258 tCO2e. Split into scope1/scope2 using the peer group's median scope1-share (36.00%) -- this split is a secondary approximation layered on top of the primary total estimate, not independently estimated."
ULTA,37500.6,46099.3,median_model_revenue+employees,sector:Consumer Discretionary,21,"Tier 2 ESTIMATE (LSEG median-model style), NOT a disclosure -- see pipeline/tier2_estimation/estimate_tier2.py. Peer group: sector = 'Consumer Discretionary' (21 Tier 1 peers, floor=5). Revenue-based: median peer tCO2e/$ revenue (8.12116e-06) x this company's revenue ($12,955,516,928) = 105,214 tCO2e. Employee-based: median peer tCO2e/employee (2.89897) x this company's employee count (21,382) = 61,986 tCO2e. Final estimate is the average of the available method(s): 83,600 tCO2e. Split into scope1/scope2 using the peer group's median scope1-share (44.86%) -- this split is a secondary approximation layered on top of the primary total estimate, not independently estimated."
UAL,651650.2,215319.0,median_model_revenue+employees,sector:Industrials,38,"Tier 2 ESTIMATE (LSEG median-model style), NOT a disclosure -- see pipeline/tier2_estimation/estimate_tier2.py. Peer group: sector = 'Industrials' (38 Tier 1 peers, floor=5). Revenue-based: median peer tCO2e/$ revenue (1.47256e-05) x this company's revenue ($62,902,001,664) = 926,272 tCO2e. Employee-based: median peer tCO2e/employee (6.87376) x this company's employee count (117,500) = 807,667 tCO2e. Final estimate is the average of the available method(s): 866,969 tCO2e. Split into scope1/scope2 using the peer group's median scope1-share (75.16%) -- this split is a secondary approximation layered on top of the primary total estimate, not independently estimated."
UPS,1686009.5,557093.2,median_model_revenue+employees,sector:Industrials,38,"Tier 2 ESTIMATE (LSEG median-model style), NOT a disclosure -- see pipeline/tier2_estimation/estimate_tier2.py. Peer group: sector = 'Industrials' (38 Tier 1 peers, floor=5). Revenue-based: median peer tCO2e/$ revenue (1.47256e-05) x this company's revenue ($89,929,998,336) = 1,324,276 tCO2e. Employee-based: median peer tCO2e/employee (6.87376) x this company's employee count (460,000) = 3,161,929 tCO2e. Final estimate is the average of the available method(s): 2,243,103 tCO2e. Split into scope1/scope2 using the peer group's median scope1-share (75.16%) -- this split is a secondary approximation layered on top of the primary total estimate, not independently estimated."
URI,166775.7,55106.2,median_model_revenue+employees,sector:Industrials,38,"Tier 2 ESTIMATE (LSEG median-model style), NOT a disclosure -- see pipeline/tier2_estimation/estimate_tier2.py. Peer group: sector = 'Industrials' (38 Tier 1 peers, floor=5). Revenue-based: median peer tCO2e/$ revenue (1.47256e-05) x this company's revenue ($16,832,000,000) = 247,862 tCO2e. Employee-based: median peer tCO2e/employee (6.87376) x this company's employee count (28,500) = 195,902 tCO2e. Final estimate is the average of the available method(s): 221,882 tCO2e. Split into scope1/scope2 using the peer group's median scope1-share (75.16%) -- this split is a secondary approximation layered on top of the primary total estimate, not independently estimated."
UHS,124589.0,100964.3,median_model_revenue+employees,sector:Health Care,23,"Tier 2 ESTIMATE (LSEG median-model style), NOT a disclosure -- see pipeline/tier2_estimation/estimate_tier2.py. Peer group: sector = 'Health Care' (23 Tier 1 peers, floor=5). Revenue-based: median peer tCO2e/$ revenue (4.88288e-06) x this company's revenue ($18,114,486,272) = 88,451 tCO2e. Employee-based: median peer tCO2e/employee (3.55545) x this company's employee count (102,000) = 362,656 tCO2e. Final estimate is the average of the available method(s): 225,553 tCO2e. Split into scope1/scope2 using the peer group's median scope1-share (55.24%) -- this split is a secondary approximation layered on top of the primary total estimate, not independently estimated."
VEEV,12448.5,10088.0,median_model_revenue+employees,sector:Health Care,23,"Tier 2 ESTIMATE (LSEG median-model style), NOT a disclosure -- see pipeline/tier2_estimation/estimate_tier2.py. Peer group: sector = 'Health Care' (23 Tier 1 peers, floor=5). Revenue-based: median peer tCO2e/$ revenue (4.88288e-06) x this company's revenue ($3,458,097,920) = 16,885 tCO2e. Employee-based: median peer tCO2e/employee (3.55545) x this company's employee count (7,928) = 28,188 tCO2e. Final estimate is the average of the available method(s): 22,537 tCO2e. Split into scope1/scope2 using the peer group's median scope1-share (55.24%) -- this split is a secondary approximation layered on top of the primary total estimate, not independently estimated."
VLTO,75438.9,24926.6,median_model_revenue+employees,sector:Industrials,38,"Tier 2 ESTIMATE (LSEG median-model style), NOT a disclosure -- see pipeline/tier2_estimation/estimate_tier2.py. Peer group: sector = 'Industrials' (38 Tier 1 peers, floor=5). Revenue-based: median peer tCO2e/$ revenue (1.47256e-05) x this company's revenue ($5,696,000,000) = 83,877 tCO2e. Employee-based: median peer tCO2e/employee (6.87376) x this company's employee count (17,000) = 116,854 tCO2e. Final estimate is the average of the available method(s): 100,366 tCO2e. Split into scope1/scope2 using the peer group's median scope1-share (75.16%) -- this split is a secondary approximation layered on top of the primary total estimate, not independently estimated."
VRSN,1181.6,2973.6,median_model_revenue+employees,sector:Information Technology,37,"Tier 2 ESTIMATE (LSEG median-model style), NOT a disclosure -- see pipeline/tier2_estimation/estimate_tier2.py. Peer group: sector = 'Information Technology' (37 Tier 1 peers, floor=5). Revenue-based: median peer tCO2e/$ revenue (3.55838e-06) x this company's revenue ($1,707,900,032) = 6,077 tCO2e. Employee-based: median peer tCO2e/employee (2.41167) x this company's employee count (926) = 2,233 tCO2e. Final estimate is the average of the available method(s): 4,155 tCO2e. Split into scope1/scope2 using the peer group's median scope1-share (28.44%) -- this split is a secondary approximation layered on top of the primary total estimate, not independently estimated."
VRSK,38021.7,12563.2,median_model_revenue+employees,sector:Industrials,38,"Tier 2 ESTIMATE (LSEG median-model style), NOT a disclosure -- see pipeline/tier2_estimation/estimate_tier2.py. Peer group: sector = 'Industrials' (38 Tier 1 peers, floor=5). Revenue-based: median peer tCO2e/$ revenue (1.47256e-05) x this company's revenue ($3,136,000,000) = 46,180 tCO2e. Employee-based: median peer tCO2e/employee (6.87376) x this company's employee count (8,000) = 54,990 tCO2e. Final estimate is the average of the available method(s): 50,585 tCO2e. Split into scope1/scope2 using the peer group's median scope1-share (75.16%) -- this split is a secondary approximation layered on top of the primary total estimate, not independently estimated."
VZ,412807.3,423853.0,median_model_revenue+employees,sector:Communication Services,6,"Tier 2 ESTIMATE (LSEG median-model style), NOT a disclosure -- see pipeline/tier2_estimation/estimate_tier2.py. Peer group: sector = 'Communication Services' (6 Tier 1 peers, floor=5). Revenue-based: median peer tCO2e/$ revenue (6.65458e-06) x this company's revenue ($138,894,999,552) = 924,289 tCO2e. Employee-based: median peer tCO2e/employee (7.67451) x this company's employee count (97,600) = 749,032 tCO2e. Final estimate is the average of the available method(s): 836,660 tCO2e. Split into scope1/scope2 using the peer group's median scope1-share (49.34%) -- this split is a secondary approximation layered on top of the primary total estimate, not independently estimated."
VRTX,23259.4,18848.9,median_model_revenue+employees,sector:Health Care,23,"Tier 2 ESTIMATE (LSEG median-model style), NOT a disclosure -- see pipeline/tier2_estimation/estimate_tier2.py. Peer group: sector = 'Health Care' (23 Tier 1 peers, floor=5). Revenue-based: median peer tCO2e/$ revenue (4.88288e-06) x this company's revenue ($12,587,200,512) = 61,462 tCO2e. Employee-based: median peer tCO2e/employee (3.55545) x this company's employee count (6,400) = 22,755 tCO2e. Final estimate is the average of the available method(s): 42,108 tCO2e. Split into scope1/scope2 using the peer group's median scope1-share (55.24%) -- this split is a secondary approximation layered on top of the primary total estimate, not independently estimated."
VRT,151362.7,50013.4,median_model_revenue+employees,sector:Industrials,38,"Tier 2 ESTIMATE (LSEG median-model style), NOT a disclosure -- see pipeline/tier2_estimation/estimate_tier2.py. Peer group: sector = 'Industrials' (38 Tier 1 peers, floor=5). Revenue-based: median peer tCO2e/$ revenue (1.47256e-05) x this company's revenue ($11,479,600,128) = 169,044 tCO2e. Employee-based: median peer tCO2e/employee (6.87376) x this company's employee count (34,000) = 233,708 tCO2e. Final estimate is the average of the available method(s): 201,376 tCO2e. Split into scope1/scope2 using the peer group's median scope1-share (75.16%) -- this split is a secondary approximation layered on top of the primary total estimate, not independently estimated."
VICI,6856.6,12187.1,median_model_revenue+employees,sector:Real Estate,8,"Tier 2 ESTIMATE (LSEG median-model style), NOT a disclosure -- see pipeline/tier2_estimation/estimate_tier2.py. Peer group: sector = 'Real Estate' (8 Tier 1 peers, floor=5). Revenue-based: median peer tCO2e/$ revenue (9.26543e-06) x this company's revenue ($4,097,604,096) = 37,966 tCO2e. Employee-based: median peer tCO2e/employee (4.331) x this company's employee count (28) = 121 tCO2e. Final estimate is the average of the available method(s): 19,044 tCO2e. Split into scope1/scope2 using the peer group's median scope1-share (36.00%) -- this split is a secondary approximation layered on top of the primary total estimate, not independently estimated."
VMC,1677071.6,119100.5,median_model_revenue+employees,sector:Materials,18,"Tier 2 ESTIMATE (LSEG median-model style), NOT a disclosure -- see pipeline/tier2_estimation/estimate_tier2.py. Peer group: sector = 'Materials' (18 Tier 1 peers, floor=5). Revenue-based: median peer tCO2e/$ revenue (0.000191448) x this company's revenue ($8,115,800,064) = 1,553,752 tCO2e. Employee-based: median peer tCO2e/employee (176.532) x this company's employee count (11,548) = 2,038,592 tCO2e. Final estimate is the average of the available method(s): 1,796,172 tCO2e. Split into scope1/scope2 using the peer group's median scope1-share (93.37%) -- this split is a secondary approximation layered on top of the primary total estimate, not independently estimated."
WRB,7394.4,3037.0,median_model_revenue+employees,sector:Financials,20,"Tier 2 ESTIMATE (LSEG median-model style), NOT a disclosure -- see pipeline/tier2_estimation/estimate_tier2.py. Peer group: sector = 'Financials' (20 Tier 1 peers, floor=5). Revenue-based: median peer tCO2e/$ revenue (9.25042e-07) x this company's revenue ($14,896,102,400) = 13,780 tCO2e. Employee-based: median peer tCO2e/employee (0.804557) x this company's employee count (8,804) = 7,083 tCO2e. Final estimate is the average of the available method(s): 10,431 tCO2e. Split into scope1/scope2 using the peer group's median scope1-share (70.89%) -- this split is a secondary approximation layered on top of the primary total estimate, not independently estimated."
WAB,146382.1,48367.7,median_model_revenue+employees,sector:Industrials,38,"Tier 2 ESTIMATE (LSEG median-model style), NOT a disclosure -- see pipeline/tier2_estimation/estimate_tier2.py. Peer group: sector = 'Industrials' (38 Tier 1 peers, floor=5). Revenue-based: median peer tCO2e/$ revenue (1.47256e-05) x this company's revenue ($11,980,000,256) = 176,413 tCO2e. Employee-based: median peer tCO2e/employee (6.87376) x this company's employee count (31,000) = 213,087 tCO2e. Final estimate is the average of the available method(s): 194,750 tCO2e. Split into scope1/scope2 using the peer group's median scope1-share (75.16%) -- this split is a secondary approximation layered on top of the primary total estimate, not independently estimated."
WMT,14732008.0,2227329.1,median_model_revenue+employees,sector:Consumer Staples,23,"Tier 2 ESTIMATE (LSEG median-model style), NOT a disclosure -- see pipeline/tier2_estimation/estimate_tier2.py. Peer group: sector = 'Consumer Staples' (23 Tier 1 peers, floor=5). Revenue-based: median peer tCO2e/$ revenue (1.61029e-05) x this company's revenue ($735,839,977,472) = 11,849,185 tCO2e. Employee-based: median peer tCO2e/employee (10.5093) x this company's employee count (2,100,000) = 22,069,489 tCO2e. Final estimate is the average of the available method(s): 16,959,337 tCO2e. Split into scope1/scope2 using the peer group's median scope1-share (86.87%) -- this split is a secondary approximation layered on top of the primary total estimate, not independently estimated."
WFC,83530.6,34307.0,median_model_revenue+employees,sector:Financials,20,"Tier 2 ESTIMATE (LSEG median-model style), NOT a disclosure -- see pipeline/tier2_estimation/estimate_tier2.py. Peer group: sector = 'Financials' (20 Tier 1 peers, floor=5). Revenue-based: median peer tCO2e/$ revenue (9.25042e-07) x this company's revenue ($83,026,001,920) = 76,803 tCO2e. Employee-based: median peer tCO2e/employee (0.804557) x this company's employee count (197,466) = 158,873 tCO2e. Final estimate is the average of the available method(s): 117,838 tCO2e. Split into scope1/scope2 using the peer group's median scope1-share (70.89%) -- this split is a secondary approximation layered on top of the primary total estimate, not independently estimated."
WST,15091.6,12230.0,median_model_revenue+employees,sector:Health Care,23,"Tier 2 ESTIMATE (LSEG median-model style), NOT a disclosure -- see pipeline/tier2_estimation/estimate_tier2.py. Peer group: sector = 'Health Care' (23 Tier 1 peers, floor=5). Revenue-based: median peer tCO2e/$ revenue (4.88288e-06) x this company's revenue ($3,326,799,872) = 16,244 tCO2e. Employee-based: median peer tCO2e/employee (3.55545) x this company's employee count (10,800) = 38,399 tCO2e. Final estimate is the average of the available method(s): 27,322 tCO2e. Split into scope1/scope2 using the peer group's median scope1-share (55.24%) -- this split is a secondary approximation layered on top of the primary total estimate, not independently estimated."
WSM,27455.1,33750.3,median_model_revenue+employees,sector:Consumer Discretionary,21,"Tier 2 ESTIMATE (LSEG median-model style), NOT a disclosure -- see pipeline/tier2_estimation/estimate_tier2.py. Peer group: sector = 'Consumer Discretionary' (21 Tier 1 peers, floor=5). Revenue-based: median peer tCO2e/$ revenue (8.12116e-06) x this company's revenue ($8,005,155,840) = 65,011 tCO2e. Employee-based: median peer tCO2e/employee (2.89897) x this company's employee count (19,800) = 57,400 tCO2e. Final estimate is the average of the available method(s): 61,205 tCO2e. Split into scope1/scope2 using the peer group's median scope1-share (44.86%) -- this split is a secondary approximation layered on top of the primary total estimate, not independently estimated."
WTW,17028.3,6993.7,median_model_revenue+employees,sector:Financials,20,"Tier 2 ESTIMATE (LSEG median-model style), NOT a disclosure -- see pipeline/tier2_estimation/estimate_tier2.py. Peer group: sector = 'Financials' (20 Tier 1 peers, floor=5). Revenue-based: median peer tCO2e/$ revenue (9.25042e-07) x this company's revenue ($10,101,999,616) = 9,345 tCO2e. Employee-based: median peer tCO2e/employee (0.804557) x this company's employee count (48,100) = 38,699 tCO2e. Final estimate is the average of the available method(s): 24,022 tCO2e. Split into scope1/scope2 using the peer group's median scope1-share (70.89%) -- this split is a secondary approximation layered on top of the primary total estimate, not independently estimated."
WDAY,3399.6,11871.7,median_model_revenue+employees,sub_industry:Application Software,7,"Tier 2 ESTIMATE (LSEG median-model style), NOT a disclosure -- see pipeline/tier2_estimation/estimate_tier2.py. Peer group: sub_industry = 'Application Software' (7 Tier 1 peers, floor=5). Revenue-based: median peer tCO2e/$ revenue (1.17089e-06) x this company's revenue ($10,154,999,808) = 11,890 tCO2e. Employee-based: median peer tCO2e/employee (0.89262) x this company's employee count (20,896) = 18,652 tCO2e. Final estimate is the average of the available method(s): 15,271 tCO2e. Split into scope1/scope2 using the peer group's median scope1-share (22.26%) -- this split is a secondary approximation layered on top of the primary total estimate, not independently estimated."
WYNN,32034.0,39379.2,median_model_revenue+employees,sector:Consumer Discretionary,21,"Tier 2 ESTIMATE (LSEG median-model style), NOT a disclosure -- see pipeline/tier2_estimation/estimate_tier2.py. Peer group: sector = 'Consumer Discretionary' (21 Tier 1 peers, floor=5). Revenue-based: median peer tCO2e/$ revenue (8.12116e-06) x this company's revenue ($7,413,425,152) = 60,206 tCO2e. Employee-based: median peer tCO2e/employee (2.89897) x this company's employee count (28,500) = 82,621 tCO2e. Final estimate is the average of the available method(s): 71,413 tCO2e. Split into scope1/scope2 using the peer group's median scope1-share (44.86%) -- this split is a secondary approximation layered on top of the primary total estimate, not independently estimated."
ZBH,11528.7,24478.1,median_model_revenue+employees,sub_industry:Health Care Equipment,5,"Tier 2 ESTIMATE (LSEG median-model style), NOT a disclosure -- see pipeline/tier2_estimation/estimate_tier2.py. Peer group: sub_industry = 'Health Care Equipment' (5 Tier 1 peers, floor=5). Revenue-based: median peer tCO2e/$ revenue (4.88288e-06) x this company's revenue ($8,508,800,000) = 41,547 tCO2e. Employee-based: median peer tCO2e/employee (1.79212) x this company's employee count (17,000) = 30,466 tCO2e. Final estimate is the average of the available method(s): 36,007 tCO2e. Split into scope1/scope2 using the peer group's median scope1-share (32.02%) -- this split is a secondary approximation layered on top of the primary total estimate, not independently estimated."
