ticker,security,data_source,report_url,scope1_tco2e,scope2_location_tco2e,scope2_market_tco2e,scope1_base_year_end,scope1_base_year_tco2e,revenue_usd,is_cdp_format,notes,sbti_matched,sbti_near_term_status,sbti_near_term_target_classification,sbti_near_term_target_year,sbti_long_term_status,sbti_long_term_target_year,sbti_net_zero_status,sbti_net_zero_year,sbti_full_target_language,sbti_date_updated
HON,Honeywell,sustainability_report,https://www.honeywell.com/content/dam/honeywellbt/en/documents/downloads/hon-2025-impact-report.pdf,750530.0,666603.0,743471.0,,,38500000000.0,False,Verified manually; 5yr series 2020-2024 in notes doc; SBTi target 50% S1+2 cut by 2037 from 2019 base,True,Targets set,Well-below 2°C,2037.0,,,,,"Honeywell International Inc. commits to reduce absolute scope 1 and 2 GHG
emissions 50% by 2037 from a 2019 base year. Honeywell International
Inc. also commits to reduce absolute scope 3 GHG emissions 23% within
the same timeframe.",2023-05-11 01:00:00
LIN,Linde,cdp_pdf,https://www.cdp.net (fetched via WebFetch - direct URL not retained),16582000.0,20700000.0,21562000.0,12/31/2018,16872000.0,32854000000.0,True,Verified manually and by script,True,Targets set,Well-below 2°C,2035.0,,,,,Linde plc commits to reduce absolute scope 1 and 2 GHG emissions 35% by 2035 from a 2021 base year*. *The target boundary includes biogenic emissions and removals from bioenergy feedstocks.,2022-10-20 01:00:00
NEE,NextEra Energy,sustainability_report,https://www.nexteraenergy.com (data appendix PDF - direct URL not retained),43409916.37,24559.89,25603.0,,,,False,"Verified manually; GHG Protocol/SASB Scope1, third-party verified ISO-14064-3; EEI template gives separate CO2-only Owned Generation figure of 42627033 for 2024 - do not conflate",False,,,,,,,,,
HD,Home Depot,cdp_pdf,https://ir.homedepot.com/~/media/Files/H/HomeDepot-IR/2025/legal-esg/2024-cdp-response.pdf,628738.0,1033194.0,733779.0,01/31/2021,607055.0,152669000000.0,True,Verified manually and by script,True,Targets set,1.5°C,FY2030,,,,,The Home Depot commits to reduce absolute scope 1 and 2 GHG emissions 42% by FY2030 from a FY2020 base year. The Home Depot commits to reduce absolute scope 3 GHG emissions from the use of sold products 42% within the same timeframe.,2024-03-28 01:00:00
ABT,Abbott Laboratories,cdp_pdf,https://www.abbott.com/content/dam/corp/abbott/en-us/documents/pdfs/abbott-citizenship/2024-Abbott-CDP-Corporate-Questionnaire.pdf,501000.0,482000.0,406000.0,12/31/2018,538000.0,40109000000.0,new,,False,,,,,,,,,
ABBV,AbbVie,epa_ghgrp,https://www.abbvie.com/content/dam/abbvie-com2/pdfs/sustainability/2024-cdp.pdf,99777.824,,,,,,,"EPA GHGRP 2023 Direct Emitters, matched via parent company 'ABBVIE INC' (2 facilities). Scope 1 (direct/on-site) only -- GHGRP does not cover Scope 2. Prior attempt: data_source=cdp_pdf, report_url=https://www.abbvie.com/content/dam/abbvie-com2/pdfs/sustainability/2024-cdp.pdf, notes=download_error: 403 Client Error: Forbidden for url: https://www.abbvie.com/content/dam/corporate/abbvie-com2/pdfs/sustainability/2024-cdp.pdf",True,Targets set,1.5°C,2030.0,,,,,"AbbVie commits to reduce absolute scope 1 and 2 GHG emissions 42.0% by 2030 from a 2021 base year*. AbbVie also commits to increase active sourcing of renewable electricity from 29.5% in 2021 to 100.0% by 2030. AbbVie further commits that 79.1% of its suppliers by emissions covering purchased goods and services, capital goods, and upstream transportation and distribution, will have science-based targets by 2027. * The target boundary includes land-related emissions and removals from bioenergy feedstocks.",2023-04-27 01:00:00
ACN,Accenture,cdp_pdf,https://www.accenture.com/content/dam/accenture/final/corporate/company-information/document/Accenture-CDP-2024.pdf,,,,,,,False,no_fields_extracted,True,Targets set,1.5°C,FY2030,Targets set,FY2040,Targets set,FY2040,"Overall Net-Zero Target: Accenture commits to reach net-zero greenhouse gas emissions across the value chain by FY2040. Near-Term Targets: Accenture commits to reduce absolute scope 1 and 2 GHG emissions 80% by FY2030 from a FY2019 base year. Accenture also commits to reduce scope 3 GHG emissions 55% per unit of revenue within the same timeframe. Long-Term Targets: Accenture commits to reduce absolute scope 1 and 2 GHG emissions 90% by FY2040 from a FY2019 base year. Accenture also commits to reduce absolute scope 3 GHG emissions 90% within the same timeframe.

",2024-06-13 01:00:00
MMM,3M,epa_ghgrp,https://multimedia.3m.com/mws/media/2589589O/3m-2025-global-impact-report.pdf,,,,,,,False,"EPA GHGRP 2023 Direct Emitters, matched via parent company '3M CO' (11 facilities). Scope 1 (direct/on-site) only -- GHGRP does not cover Scope 2. Prior attempt: data_source=sustainability_report, report_url=https://multimedia.3m.com/mws/media/2589589O/3m-2025-global-impact-report.pdf, notes=no_fields_extracted",True,Targets set,1.5°C,2030.0,,,,,3M commits to reduce absolute scope 1 and 2 GHG emissions 52.6% by 2030 from a 2019 base year. 3M also commits to reduce absolute scope 3 GHG emissions 42% by 2030 from a 2021 base year.,2024-10-03 01:00:00
AOS,A. O. Smith,sustainability_report,https://www.aosmith.com/on/demandware.static/-/Sites-aosmith-Library/default/dw9faf4a3d/pdf/2024-Sustainability-Report.pdf,,,,,,,False,no_fields_extracted,False,,,,,,,,,
ADBE,Adobe Inc.,cdp_pdf,https://www.adobe.com/content/dam/cc/en/corporate-responsibility/pdfs/CDP-2023-Climate-Change.pdf,6568.0,57168.0,22936.0,,,,old,,True,Targets set,1.5°C,FY2030,Targets set,FY2050,Targets set,FY2050,"Overall Net-Zero Target: Adobe Inc. commits to reach net-zero greenhouse gas emissions across the value chain by FY2050. Near-Term Targets: Adobe Inc. commits to reduce absolute scope 1 and 2 GHG emissions 42% by FY2030 from a FY2022 base year. Adobe Inc. also commits to reduce scope 3 GHG emissions 52% per USD value added within the same timeframe.  Long-Term Targets: Adobe Inc. commits to reduce absolute scope 1, 2, and 3 GHG emissions 90% by FY2050 from a FY2022 base year.",2024-08-08 01:00:00
AMD,Advanced Micro Devices,cdp_pdf,https://www.amd.com/content/dam/amd/en/documents/corporate/cr/amd-cdp-corporate-2024-questionnaire-2023-data.pdf,10008.0,80839.0,36597.0,12/31/2020,6412.0,,new,,True,Targets set,Well-below 2°C,2020.0,,,,,"Multinational semiconductor company AMD commits to reduce scope 1 and 2 emissions 20% by 2020 from a 2014 base-year. AMD also commits to improve the compute performance per watt of energy consumed by their mobile APU processors by 2500% by 2020 from a 2014 base-year. AMD also has a goal for suppliers' wafer foundry scope 1 emissions to stay 30% below the Semiconductor Industry Association average, and for wafer foundry electricity use to stay 40% below the industry average, using a normalized manufacturing index",2016-06-27 01:00:00
AES,AES Corporation,cdp_pdf,https://www.aes.com/sites/global/files/2025-06/aes-cdp-assessment-2024.pdf,33401594.0,472668.0,472668.0,12/31/2016,51809568.0,12668000000.0,new,,False,,,,,,,,,
AFL,Aflac,cdp_pdf,https://s24.q4cdn.com/367535798/files/doc_downloads/2026/03/AFLAC-Incorporated-12-08-2025-CORPORATE-04-06.pdf,2850.0,7370.0,0.0,12/31/2023,3499.0,18927000000.0,new,,False,,,,,,,,,
AKAM,Akamai Technologies,sustainability_report,https://www.akamai.com/site/en/documents/corporate/2025/akamai-2024-esg-impact-report.pdf,,,,,,,False,no_fields_extracted,True,Commitment removed,,,,,Commitment removed,,,2021-09-23 01:00:00
APD,Air Products,sustainability_report,https://www.airproducts.com/-/media/files/en/900/900-24-001-us-sustainability-report-2024.pdf,,,,,,,False,no_fields_extracted,False,,,,,,,,,
ABNB,Airbnb,none,,,,,,,,,no_public_report_found,True,Targets set,1.5°C,2030.0,,,,,"Airbnb, Inc. commits to reduce absolute scope 1 and 2 GHG emissions 78.4% by 2030 from a 2019 base year. Airbnb, Inc. also commits to increase annual sourcing of renewable electricity from 0% in 2019 to 100% by 2030. Airbnb, Inc. further commits to reduce scope 3 GHG emissions 55% per M USD of gross profit by 2030 from a 2019 base year",2022-10-20 01:00:00
ARE,Alexandria Real Estate Equities,none,,,,,,,,,no_public_report_found,False,,,,,,,,,
GOOGL,Alphabet Inc. (Class A),cdp_pdf,https://kstatic.googleusercontent.com/files/c94dad6f0210733d06e8006417fa88e20ec5171772b6789ec72053b2e9d475598e2dd744a9fb04c305a7b399f1f771a27446a0581976a0fed655a928b0b775de,79400.0,9252900.0,3423400.0,12/31/2019,81900.0,307394000000.0,new,,False,,,,,,,,,
GOOG,Alphabet Inc. (Class C),cdp_pdf,https://kstatic.googleusercontent.com/files/c94dad6f0210733d06e8006417fa88e20ec5171772b6789ec72053b2e9d475598e2dd744a9fb04c305a7b399f1f771a27446a0581976a0fed655a928b0b775de,79400.0,9252900.0,3423400.0,12/31/2019,81900.0,307394000000.0,new,,False,,,,,,,,,
ALGN,Align Technology,none,,,,,,,,,no_public_report_found,False,,,,,,,,,
ALLE,Allegion,none,,,,,,,,,no_public_report_found,False,,,,,,,,,
LNT,Alliant Energy,epa_ghgrp,,23041618.196000002,,,,,,,"EPA GHGRP 2023 Direct Emitters, matched via parent company 'ALLIANT ENERGY CORP' (16 facilities). Scope 1 (direct/on-site) only -- GHGRP does not cover Scope 2. Prior attempt: data_source=none, report_url=n/a, notes=no_public_report_found",False,,,,,,,,,
ALL,Allstate,none,,,,,,,,,no_public_report_found,False,,,,,,,,,
AEE,Ameren,epa_ghgrp,https://www.ameren.com/-/media/corporate-site/files/environment/esg-report-library/ameren_cdp_2024.ashx,19669522.87,,,,,,,"EPA GHGRP 2023 Direct Emitters, matched via parent company 'AMEREN CORP' (11 facilities). Scope 1 (direct/on-site) only -- GHGRP does not cover Scope 2. Prior attempt: data_source=cdp_pdf, report_url=https://www.ameren.com/-/media/corporate-site/files/environment/esg-report-library/ameren_cdp_2024.ashx, notes=download_error: 403 Client Error: Forbidden for url: https://www.ameren.com/-/media/corporate-site/files/environment/esg-report-library/ameren_cdp_2024.ashx",False,,,,,,,,,
MO,Altria,epa_ghgrp,,66467.196,,,,,,,"EPA GHGRP 2023 Direct Emitters, matched via parent company 'ALTRIA GROUP INC' (2 facilities). Scope 1 (direct/on-site) only -- GHGRP does not cover Scope 2. Prior attempt: data_source=none, report_url=n/a, notes=no_public_report_found",True,Targets set,1.5°C,2030.0,Targets set,2050.0,Targets set,2050.0,"Overall net-zero target:
Altria Group commits to reach net-zero greenhouse gas emissions across the value chain by 2050.
Near-term targets:
Energy & Industry: Altria commits to reduce absolute scope 1 and 2 GHG emissions 65% by 2030 from a 2022 base year. Altria also commits to increase active annual sourcing of renewable electricity from 0.34% in 2022 to 100% by 2030. Altria further commits to reduce absolute scope 3 GHG emissions 42% by 2030 from a 2022 base year.*
*The target boundary includes biogenic land-related emissions and removals from bioenergy feedstocks.
FLAG: Altria commits to reduce absolute scope 3 FLAG GHG emissions 30.3% by 2030 from a 2022 base year.* Altria commits to no deforestation across its primary deforestation-linked commodities, with a target date of 2025.
*The target includes FLAG emissions and removals.
Long-term targets:
Energy & Industry: Altria commits to reduce absolute scope 1 and 2 GHG emissions 90% by 2050 from a 2022 base year. Altria also commits to reduce absolute scope 3 GHG emissions 90% within the same timeframe.*
*The target boundary includes biogenic land-related emissions and removals from bioenergy feedstocks.
FLAG: Altria commits to reduce absolute scope 3 FLAG GHG emissions 72% by 2050 from a 2022 base year.*
*The target includes FLAG emissions and removals.
",2024-10-03 01:00:00
AMZN,Amazon,none,,,,,,,,,no_public_report_found,True,Commitment removed,,,,,,,,2020-06-18 01:00:00
AMCR,Amcor,none,,,,,,,,,no_public_report_found,True,Targets set,1.5°C,FY2033,Targets set,FY2050,Targets set,FY2050,"Overall Net-Zero Target:
Amcor plc commits to reach net-zero greenhouse gas emissions across the value chain by FY2050.

Near-Term Targets:
Amcor plc commits to reduce absolute scope 1 and 2 GHG emissions 54.6% by FY2033 from a FY2022 base year.* Amcor plc also commits to reduce absolute scope 3 GHG emissions 32.5% within the same timeframe.

Long-Term Targets:
Amcor plc commits to reduce absolute scope 1 and 2 GHG emissions 90.0% by FY2050 from a FY2022 base year.* Amcor plc also commits to reduce absolute scope 3 GHG emissions 90.0% within the same timeframe.

*The target boundary includes land-related emissions and removals from biogenic feedstocks.",2025-12-04 01:00:00
AEP,American Electric Power,epa_ghgrp,,50834862.764,,,,,,,"EPA GHGRP 2023 Direct Emitters, matched via parent company 'AMERICAN ELECTRIC POWER CO INC' (25 facilities). Scope 1 (direct/on-site) only -- GHGRP does not cover Scope 2. Prior attempt: data_source=none, report_url=n/a, notes=no_public_report_found",False,,,,,,,,,
AWK,American Water Works,cdp_pdf,https://s26.q4cdn.com/750150140/files/doc_downloads/esg_docs/2025/American-Water-2024-CDP-Response.pdf,74877.0,459896.0,0.0,,,3920000000.0,new,,False,,,,,,,,,
AMP,Ameriprise Financial,cdp_pdf,https://www.ameriprise.com/binaries/content/assets/ampcom/pdf/ameriprise_cdp_climate_change_2023_final.pdf,5899.0,20337.0,15627.0,12/31/2019,7687.0,,new,,False,,,,,,,,,
AXP,American Express,none,,,,,,,,,no_public_report_found,True,Targets set,1.5°C,2033.0,Targets set,2050.0,Targets set,2050.0,"Overall Net-Zero Target: American Express Company commits to reach net-zero greenhouse gas emissions across the value chain by 2050. Near-Term Targets: American Express Company commits to reduce absolute scope 1 and 2 GHG emissions 60% by 2033 from 2019 base year. American Express Company also commits to reduce absolute scope 3 emissions 35% within the same timeframe. 
American Express Company commits that 75% of membership rewards redemption partners and cobrand partners by emissions covering beyond the minimum boundary emissions from purchased goods and services will have science-based targets by 2028. Long-Term Targets: American Express Company commits to reduce absolute scope 1 and 2 GHG emissions 90% by 2050 from a 2019 base year. American Express Company commits to reduce absolute scope 3 GHG emissions 90% within the same timeframe. ",2024-10-24 01:00:00
AIG,American International Group,none,,,,,,,,,no_public_report_found,False,,,,,,,,,
AMT,American Tower,none,,,,,,,,,no_public_report_found,True,Targets set,Well-below 2°C,2035.0,,,,,"American Tower Corporation commits to reduce absolute scope 1, 2 and 3 GHG emissions 40% by 2035 from a 2019 base year.",2021-10-28 01:00:00
AMGN,Amgen,cdp_pdf,https://www.amgen.com/responsibility/reporting-and-metrics/-/media/Themes/CorporateAffairs/amgen-com/amgen-com/downloads/responsibility/amgen-cdp-2024.pdf,160184.0,176138.0,159848.0,12/31/2019,135954.0,28200000000.0,new,,True,Targets set,1.5°C,2030.0,,,,,"Amgen commits to reduce absolute scope 1 and 2 GHG emissions 55% by 2027 from a 2019 base year. Amgen also commits to increase annual sourcing of renewable electricity from 29% in 2019 to 100% by 2027, to continue annually sourcing of 100% renewable electricity through 2030. Amgen further commits that 73% of its suppliers by spend covering upstream purchased goods and services and capital goods will have science- based targets by 2027.",2022-09-22 01:00:00
AON,Aon plc,cdp_pdf,https://assets.aon.com/-/media/files/aon/about/impact/2024/2024-aon-cdp-questionnaire-responses-fy2023.pdf,22583.0,30714.0,24099.0,12/31/2019,14464.0,,new,,True,Targets set,1.5°C,2032.0,,,,,"Aon plc commits to reduce absolute scope 1 and 2 GHG emissions 55% by
2032 from a 2019 base year. Aon plc also commits that 81% of its
suppliers by emissions covering purchased goods and services, capital
goods and upstream leased assets, will have science-based targets by
2027.",2023-05-25 01:00:00
AME,Ametek,none,,,,,,,,,no_public_report_found,False,,,,,,,,,
APH,Amphenol,none,,,,,,,,,no_public_report_found,False,,,,,,,,,
ADI,Analog Devices,epa_ghgrp,,117771.628108,,,,,,,"EPA GHGRP 2023 Direct Emitters, matched via parent company 'ANALOG DEVICES INC' (3 facilities). Scope 1 (direct/on-site) only -- GHGRP does not cover Scope 2. Prior attempt: data_source=none, report_url=n/a, notes=no_public_report_found",True,Targets set,1.5°C,2030.0,,,Commitment removed,,"Analog Devices Inc. commits to reduce absolute scope 1 and 2 GHG emissions 50% by 2030 from a 2019 base year. Analog Devices Inc. also commits that 66.7% of its suppliers by spend covering purchased goods and services, will have science-based targets by 2025.",2021-07-15 01:00:00
AAPL,Apple Inc.,cdp_pdf,https://www.apple.com/environment/pdf/Apple_CDP-Climate-Change-Questionnaire_2024.pdf,55200.0,1206700.0,3400.0,10/25/2011,21700.0,383285000000.0,new,,True,Targets set,1.5°C,FY2030,,,,,"Apple, Inc. commits to reduce absolute combined scope 1, 2 and 3 GHG emissions 62% by FY2030 from a FY2019 base year. Apple also commits to continue annually sourcing 100% renewable electricity through FY2030.* *The target boundary includes biogenic emissions and removals from bioenergy feedstocks.",2021-05-06 01:00:00
APA,APA Corporation,epa_ghgrp,,1302769.998,,,,,,,"EPA GHGRP 2023 Direct Emitters, matched via parent company 'APA CORP' (13 facilities). Scope 1 (direct/on-site) only -- GHGRP does not cover Scope 2. Prior attempt: data_source=none, report_url=n/a, notes=no_public_report_found",False,,,,,,,,,
APO,Apollo Global Management,none,,,,,,,,,no_public_report_found,False,,,,,,,,,
AMAT,Applied Materials,none,,,,,,,,,no_public_report_found,True,Targets set,1.5°C,FY2030,,,,,"Applied Materials Inc. commits to reduce absolute scope 1 and 2 GHG emissions
50% by FY2030 from a FY2019 base year. Applied Materials Inc. also commits to
increase active annual sourcing of renewable electricity from 36% in FY2019 to
100% by FY2030. Applied Materials Inc. further commits to reduce scope 3 GHG
emissions from use of sold products 55% per million USD of value added by
FY2030 from a FY2019 base year.",2023-11-30 01:00:00
APP,AppLovin,none,,,,,,,,,no_public_report_found,False,,,,,,,,,
APTV,Aptiv,cdp_pdf,https://www.aptiv.com/docs/default-source/sustainability-report/2024-aptiv-cdp-corporate-6-11-24.pdf?sfvrsn=2712b937_1,21515.0,411763.0,344970.0,12/31/2021,20388.0,20051000000.0,new,,True,Targets set,1.5°C,2030.0,,,,,Aptiv PLC commits to reduce absolute scope 1 and 2 GHG emissions 100% by 2030 from a 2021 base year. Aptiv PLC also commits to reduce absolute scope 3 GHG emissions 47.4% within the same timeframe.,2023-12-07 01:00:00
ADM,Archer Daniels Midland,cdp_pdf,https://www.adm.com/globalassets/sustainability/sustainability-reports/archer-daniels-midland-cdp-corporate-questionnaire-08-04-2025.pdf,12600000.0,1990000.0,2030000.0,12/31/2019,14100000.0,93935000000.0,new,,True,Commitment removed,,,,,,,,2022-04-28 01:00:00
A,Agilent Technologies,sustainability_report,https://www.agilent.com/about/esg/en/2023-agilent-esg-report.pdf,,,,,,,,download_error: 403 Client Error: Forbidden for url: https://www.agilent.com/about/esg/en/2023-agilent-esg-report.pdf,True,Targets set,1.5°C,FY2030,Targets set,FY2050,Targets set,FY2050,"Overall Net Zero target
Agilent Technologies Inc commits to reach net-zero greenhouse gas emissions across the
value chain by FY2050.
Near-Term Targets
Agilent Technologies Inc commits to reduce absolute scope 1 and 2 GHG emissions 50% by
FY2030 from a FY2019 base year. Agilent Technologies Inc also commits to reduce absolute
scope 3 GHG emissions from purchased goods and services, capital goods, upstream
transportation and distribution, business travel and employee commuting 30% within the
same timeframe.
Long-Term Targets
Agilent Technologies Inc commits to reduce absolute scope 1, 2 and 3 emissions 95% by
FY2050 from a FY2019 base year.",2023-10-12 01:00:00
ACGL,Arch Capital Group,none,,,,,,,,,no_public_report_found,False,,,,,,,,,
ANET,Arista Networks,none,,,,,,,,,no_public_report_found,True,Targets set,1.5°C,2030.0,Targets set,2050.0,Targets set,2050.0,"Overall Net-Zero Target: 
Arista Networks, Inc. commits to reach net-zero greenhouse gas emissions across the value chain by 2050.
Near-Term Targets: 
Arista Networks, Inc. commits to reduce absolute scope 1 and 2 GHG emissions 42% by 2030 from a 2023 base year. Arista Networks, Inc. also commits to reduce absolute scope 3 GHG emissions 42% within the same timeframe.
Long-Term Targets: 
Arista Networks, Inc. commits to reduce absolute scope 1, 2 and 3 GHG emissions 90% by 2050 from a 2023 base year.",2025-04-24 01:00:00
AJG,Arthur J. Gallagher & Co.,none,,,,,,,,,no_public_report_found,False,,,,,,,,,
AIZ,Assurant,cdp_pdf,https://azure-na-assets.contentstack.com/v3/assets/blt87461b8270f4f92b/blt0bf4e447817c7c0f/68e8032cb1e1331065ad8a53/2025-assurant-cdp-climate-change-questionnaire.pdf,1282.0,10307.0,11018.0,12/31/2021,2132.0,11877500000.0,new,,False,,,,,,,,,
ALB,Albemarle Corporation,epa_ghgrp,https://www.albemarle.com/sites/default/files/2024-06/Albemarle%202023%20Sustainability%20Report%20061124_0.pdf,,,,,,,False,"EPA GHGRP 2023 Direct Emitters, matched via parent company 'ALBEMARLE CORP' (3 facilities). Scope 1 (direct/on-site) only -- GHGRP does not cover Scope 2. Prior attempt: data_source=sustainability_report, report_url=https://www.albemarle.com/sites/default/files/2024-06/Albemarle%202023%20Sustainability%20Report%20061124_0.pdf, notes=no_fields_extracted",False,,,,,,,,,
ARES,Ares Management,epa_ghgrp,,1817717.564,,,,,,,"EPA GHGRP 2023 Direct Emitters, matched via parent company 'ARES MANAGEMENT CORP' (1 facilities). Scope 1 (direct/on-site) only -- GHGRP does not cover Scope 2. Prior attempt: data_source=none, report_url=n/a, notes=no_public_report_found",False,,,,,,,,,
T,AT&T,none,,,,,,,,,no_public_report_found,True,Targets set,1.5°C,2030.0,,,,,"AT&T commits* to reduce absolute scope 1 and scope 2 GHG emissions 63% by 2030 from a 2015 base year. AT&T also commits that 50% of its suppliers by spend covering purchased goods and services, capital goods, and downstream leased assets will set science-based scope 1 and scope 2 targets by 2024. *The target boundary includes biogenic emissions and removals from bioenergy feedstocks.",2021-05-20 01:00:00
ATO,Atmos Energy,epa_ghgrp,,130555.092,,,,,,,"EPA GHGRP 2023 Direct Emitters, matched via parent company 'ATMOS ENERGY CORP' (3 facilities). Scope 1 (direct/on-site) only -- GHGRP does not cover Scope 2. Prior attempt: data_source=none, report_url=n/a, notes=no_public_report_found",False,,,,,,,,,
ADSK,Autodesk,cdp_pdf,https://damassets.autodesk.net/content/dam/autodesk/www/pdfs/2024-cdp-climate-questionnaire.pdf,555.0,8156.0,372.0,,,5497000000.0,new,,True,Targets set,1.5°C,FY2031,,,,,"Autodesk commits to reduce absolute scope 1 and 2 GHG emissions 50% by FY2031 from a FY2020 base year. Autodesk also commits to reduce scope 3 GHG emissions from purchased goods and services, fuel and energy-related activities, business travel, and employee commuting 55% per dollar of gross profit over the same timeframe. Autodesk commits that 26.5% of its suppliers by emissions covering purchased goods and services and business travel, will have science-based targets by FY2027. Autodesk commits to continue annually sourcing 100% renewable electricity through FY2031.",2021-11-04 01:00:00
AVY,Avery Dennison,cdp_pdf,https://www.averydennison.com/content/dam/avery_dennison/corporate-new/global/english/documents/esg/Avery-Dennison-2023-CDP-Climate-Change.pdf,188389.4,317734.4,129687.4,,,,old,,True,Targets set,1.5°C,2030.0,,,,,Avery Dennison commits to reduce absolute scope 1 and 2 GHG emissions 70% by 2030 from a 2015 base year. Avery Dennison also commits to reduce absolute scope 3 GHG emissions from purchased goods and services and end of life treatment of sold products 30% by 2030 from a 2018 base year.,2021-10-21 01:00:00
BAC,Bank of America,cdp_pdf,https://about.bankofamerica.com/content/dam/about/report-center/esg/2025/BankofAmerica-2025-CDP-Corporate-Questionnaire_WCAG-2.2_12032025.pdf,65763.0,617413.0,16587.0,,,,new,,False,,,,,,,,,
BDX,Becton Dickinson,cdp_pdf,https://www.bd.com/content/dam/bd-assets/bd-com/en-us/document/policy/corporate-policies-and-guidelines/report/bd-cdp-disclosure-2025.pdf,155663.235,411133.039,330509.18,09/30/2019,155663.229,20178000000.0,new,,False,,,,,,,,,
XYZ,"Block, Inc.",cdp_pdf,https://s29.q4cdn.com/628966176/files/doc_downloads/2025/06/2024-CDP-Disclosure-Block-Inc-1.pdf,983.0,9748.0,2428.0,12/31/2019,842.0,21916000000.0,new,,True,Targets set,1.5°C,2030.0,,,Commitment removed,,"Block, Inc. commits to reduce absolute scope 1 and 2 GHG emissions
46.2% by 2030 from a 2019 base year.
Block, Inc. also commits to increase active annual sourcing of renewable
electricity from 0% in 2019 to 100% by 2030.
Block, Inc. further commits to reduce scope 3 GHG emissions 55% per
million USD gross profit by 2030 from a 2019 base year.",2023-08-10 01:00:00
BBY,Best Buy,cdp_pdf,https://corporate.bestbuy.com/wp-content/uploads/2020/02/Best-Buy-FY25-CDP-Investor-Survey.pdf,185561.0,245443.0,82445.0,12/31/2017,219636.0,41528000000.0,new,,True,Targets set,1.5°C,2030.0,,,,,American multinational consumer electronics retailer Best Buy commits to reduce absolute Scope 1 and Scope 2 GHG emissions 50% by 2030 from a 2017 base-year. Best Buy also commits to reduce absolute Scope 3 GHG emissions from Use of Sold Products 20% by 2030 from a 2017 base-year.,2019-07-01 01:00:00
BAX,Baxter International,epa_ghgrp,https://www.baxter.com/sites/g/files/ebysai3896/files/2025-06/2024_Baxter_Corporate_Responsibility_Report.pdf,,,,,,,False,"EPA GHGRP 2023 Direct Emitters, matched via parent company 'BAXTER INTERNATIONAL INC' (1 facilities). Scope 1 (direct/on-site) only -- GHGRP does not cover Scope 2. Prior attempt: data_source=sustainability_report, report_url=https://www.baxter.com/sites/g/files/ebysai3896/files/2025-06/2024_Baxter_Corporate_Responsibility_Report.pdf, notes=no_fields_extracted",False,,,,,,,,,
ADP,Automatic Data Processing,none,,,,,,,,,no_public_report_found,False,,,,,,,,,
AZO,AutoZone,none,,,,,,,,,no_public_report_found,False,,,,,,,,,
AXON,Axon Enterprise,none,,,,,,,,,no_public_report_found,False,,,,,,,,,
BKR,Baker Hughes,none,,,,,,,,,no_public_report_found,False,,,,,,,,,
BALL,Ball Corporation,none,,,,,,,,,no_public_report_found,True,Targets set,1.5°C,2030.0,,,,,"“Ball Corporation commits to reduce absolute scope 1 and scope 2 GHG emissions 55% by 2030 from a 2017 base year. Ball Corporation also commits to reduce absolute scope 3 GHG emissions from purchased goods and services, capital goods, fuel and energy related activities, upstream transportation and distribution, waste generated in operations, business travel, employee commuting, upstream leased assets, downstream transportation and distribution, processing of sold products and investments 16% by 2030 from a 2017 base year. * The target boundary includes biogenic emissions and removals from bioenergy feedstocks. ”",2020-04-23 01:00:00
BSX,Boston Scientific,cdp_pdf,https://www.bostonscientific.com/content/dam/bostonscientific/corporate/citizenship/sustainability/Boston-Scientific-Corporation-climate-change-2025.pdf,82704.0,101626.0,19817.0,12/31/2019,79002.0,16747000000.0,new,,True,Targets set,1.5°C,2030.0,Targets set,2050.0,Targets set,2050.0,"Overall Net-Zero Target:
Boston Scientific Corporation commits to achieve net-zero greenhouse gas emissions across the value chain by 2050.

Near-Term Targets:
Boston Scientific Corporation commits to reduce absolute scope 1 and 2 GHG emissions 46.2% by 2030 from a 2019 base year. * Boston Scientific Corporation also commits to reduce scope 3 GHG emissions from purchased goods and services, capital goods, fuel- and energy-related activities, upstream transportation and distribution, waste generated in operations and business travel 51.6% per USD value added by 2030 from a 2024 base year.

Long-Term Targets:
Boston Scientific Corporation commits to reduce absolute scope 1 and 2 GHG emissions 97.0% per USD value added, equivalent to 90% absolute reduction, by 2050 from a 2019 base year. * Boston Scientific Corporation also commits to reduce scope 3 GHG emissions 97.0% per USD value added by 2050 from a 2024 base year.

*The target boundary includes land-related emissions and removals from biogenic feedstocks.",2026-05-07 01:00:00
BMY,Bristol Myers Squibb,cdp_pdf,https://www.bms.com/assets/bms/us/en-us/pdf/bms-cdp-questions-questionnaire.pdf,206726.0,158817.0,158447.0,,,48300000000.0,new,,True,Targets set,1.5°C,2033.0,Targets set,2050.0,Targets set,2050.0,"Overall Net-Zero Target: Bristol Myers Squibb commits to reach net-zero greenhouse gas emissions across the value chain by 2050. Near-Term Targets: Bristol Myers Squibb (BMS) commits to reduce absolute scope 1 and 2 GHG emissions 54.6% by 2033 from a 2022 base year.* BMS also commits to reduce absolute scope 3 GHG emissions from fuel and energy related activities 54.6% within the same timeframe.* BMS further commits that 75% of its suppliers by emissions covering purchased goods and services, capital goods, and upstream transportation and distribution will have science-based targets by 2028.
*The target boundary includes biogenic land-related emissions and removals from bioenergy feedstocks.
 Long-Term Targets: BMS commits to reduce absolute scope 1 and 2 GHG emissions 90% by 2050 from a 2022 base year.* BMS also commits to reduce absolute scope 3 GHG emissions 90% within the same timeframe.*
*The target boundary includes biogenic land-related emissions and removals from bioenergy feedstocks.
",2024-07-18 01:00:00
TECH,Bio-Techne,sustainability_report,https://resources.bio-techne.com/bio-techne-assets/docs/pdfs/bio-techne-corporate-sustainability-highlights.pdf,,,,,,,False,no_fields_extracted,True,Targets set,1.5°C,FY2031,,,,,"Near-Term Targets:
Bio-Techne commits to reduce absolute scope 1 and 2 GHG emissions 70.0% by FY2031 from a FY2025 base year. Bio-Techne also commits that 81.0% of its suppliers by spend covering purchased goods and services, capital goods, upstream transportation and distribution and business travel, will have science-based targets by FY2030.",2026-08-27 01:00:00
BIIB,Biogen,epa_ghgrp,https://www.biogen.com/content/dam/corporate/international/global/en-US/docs/esg-report/2024-Corporate-Responsibility-Report.pdf,,,,,,,False,"EPA GHGRP 2023 Direct Emitters, matched via parent company 'BIOGEN INC' (1 facilities). Scope 1 (direct/on-site) only -- GHGRP does not cover Scope 2. Prior attempt: data_source=sustainability_report, report_url=https://www.biogen.com/content/dam/corporate/international/global/en-US/docs/esg-report/2024-Corporate-Responsibility-Report.pdf, notes=no_fields_extracted",True,Commitment removed,,,,,Commitment removed,,,2020-09-01 01:00:00
BLK,BlackRock,epa_ghgrp,https://www.blackrock.com/corporate/literature/continuous-disclosure-and-important-information/blackrock-ghg-emissions-report.pdf,,,,,,,False,"EPA GHGRP 2023 Direct Emitters, matched via parent company 'BLACKROCK INC' (1 facilities). Scope 1 (direct/on-site) only -- GHGRP does not cover Scope 2. Prior attempt: data_source=sustainability_report, report_url=https://www.blackrock.com/corporate/literature/continuous-disclosure-and-important-information/blackrock-ghg-emissions-report.pdf, notes=no_fields_extracted",False,,,,,,,,,
BX,Blackstone Inc.,sustainability_report,https://s23.q4cdn.com/714267708/files/doc_downloads/gov_docs/2025/Blackstone-Sustainability-Report-2023.pdf,,,,,,,False,no_fields_extracted,False,,,,,,,,,
BNY,BNY Mellon,sustainability_report,https://www.bny.com/assets/corporate/documents/pdf/2024-sustainability-report.pdf,,,,,,,False,no_fields_extracted,False,,,,,,,,,
BA,Boeing,epa_ghgrp,https://www.boeing.com/content/dam/boeing/boeingdotcom/sustainability/pdf/2025-boeing-sustainability-report.pdf,151144.82200000001,,,,,,,"EPA GHGRP 2023 Direct Emitters, matched via parent company 'THE BOEING CO' (4 facilities). Scope 1 (direct/on-site) only -- GHGRP does not cover Scope 2. Prior attempt: data_source=sustainability_report, report_url=https://www.boeing.com/content/dam/boeing/boeingdotcom/sustainability/pdf/2025-boeing-sustainability-report.pdf, notes=download_error: 404 Client Error: Not Found for url: https://www.boeing.com/content/dam/boeing/boeingdotcom/sustainability/pdf/2025-boeing-sustainability-report.pdf",False,,,,,,,,,
BKNG,Booking Holdings,sustainability_report,https://www.bookingholdings.com/wp-content/uploads/2025/04/Booking-Holdings_2024_Sustainability_Report.pdf,,,,,,,False,no_fields_extracted,True,Targets set,1.5°C,2030.0,Targets set,2040.0,Targets set,2040.0,"Overall Net-Zero Target
Booking Holdings Inc. commits to reach net-zero GHG emissions across the value chain by
2040.
Near-Term Targets
Booking Holdings Inc. commits to reduce absolute scope 1 and 2 GHG emissions 95% by 2030 from a 2019 base year. Booking Holdings Inc. also commits to reduce absolute scope 3 GHG emissions covering purchased goods and services, capital goods, business travel and employee commuting by 50% within the same timeframe.
Long-Term Targets
Booking Holding Inc. commits to maintain at least 95% absolute scope 1 and 2 GHG emissions reduction from 2030 through 2040 relative to a 2019 base year. Booking Holdings Inc. also commits to reduce absolute scope 3 GHG emissions 90% by 2040 from a 2019 base year",2024-03-07 01:00:00
BRK.B,Berkshire Hathaway,epa_ghgrp,,79105267.13000001,,,,,,,"EPA GHGRP 2023 Direct Emitters, matched via parent company 'BERKSHIRE HATHAWAY INC' (117 facilities). Scope 1 (direct/on-site) only -- GHGRP does not cover Scope 2. Prior attempt: data_source=none, report_url=n/a, notes=no_public_report_found",False,,,,,,,,,
CHRW,C.H. Robinson,cdp_pdf,https://www.chrobinson.com/-/media/chrglobal/lp/hr/cdp-responses.pdf,12017.0,32339.0,11320.0,,,17724956000.0,new,,False,,,,,,,,,
CDNS,Cadence Design Systems,cdp_pdf,https://www.cadence.com/content/dam/cadence-www/global/en_US/documents/company/csr/2024-cdp-corporate-questionnaire-preview.pdf,2853.0,25510.0,1062.0,12/31/2019,6314.0,,new,,True,Targets set,1.5°C,2030.0,Targets set,2040.0,Targets set,2040.0,"Overall Net-Zero Target: Cadence Design Systems, Inc. commits to reach net-zero greenhouse gas emissions across the value chain by 2040. Near-Term Targets: Cadence Design Systems, Inc. commits to reduce absolute scope 1 and 2 GHG emissions 89.78% by 2030 from a 2019 base year. Cadence Design Systems, Inc. also commits to reduce absolute scope 3 GHG emissions 46.2% within the same timeframe. Long-Term Targets: Cadence Design Systems, Inc. commits to reduce absolute scope 1 and 2 GHG emissions 90% by 2040 from a 2019 base year. Cadence Design Systems, Inc. also commits to reduce absolute scope 3 GHG emissions 90% within the same timeframe.
",2024-08-15 01:00:00
CARR,Carrier Global,cdp_pdf,https://www.corporate.carrier.com/Images/Corporate-CDP-2024_0525_tcm558-271221.pdf,203379.0,261757.0,261614.0,12/31/2021,203379.0,22100000000.0,new,,True,Targets set,1.5°C,2030.0,Targets set,2050.0,Targets set,2050.0,"Overall Net-Zero Target: Carrier Global Corporation commits to reach net-zero greenhousegas emissions across the value chain by 2050.
Near-Term Targets: Carrier Global Corporation commits to reduce absolute scope 1 and 2 GHG emissions 42% by 2030 from a 2021 base year. Carrier Global Corporation also commits to reduce absolute scope 3 GHG emissions 25% within the same timeframe.
Long-Term Targets: Carrier Global Corporation commits to reduce absolute scope 1, 2, and 3 GHG emissions 90% by 2050 from a 2021 base year.",2024-06-13 01:00:00
CBRE,CBRE Group,cdp_pdf,https://mediaassets.cbre.com/-/media/project/cbre/dotcom/global/about/corporate-responsibility/cbre-cdp-response-2024.pdf,62337.0,53426.0,55038.0,12/31/2019,62337.0,31948867000.0,new,,True,Targets set,1.5°C,FY2030,Targets set,FY2040,Targets set,FY2040,Overall Net-Zero Target: CBRE commits to reach net-zero greenhouse gas emissions across the value chain by FY2040. Near-Term Targets: CBRE commits to reduce absolute scope 1 and 2 GHG emissions 50% by FY2030 from a FY2019 base year. CBRE also commits to reduce scope 3 GHG emissions from use of sold of sold products 55% per square foot in buildings managed for clients within the same timeframe.   Long-Term Targets: CBRE commits to reduce absolute scope 1 and 2 GHG emissions 90% by FY2040 from a FY2019 base year. CBRE also commits to reduce absolute scope 3 GHG emissions 90% by FY2040 within the same timeframe.,2024-12-05 01:00:00
BR,Broadridge Financial Solutions,sustainability_report,https://www.broadridge.com/_assets/pdf/broadridge-sustainability-report-2025.pdf,,,,,,,False,no_fields_extracted,True,Targets set,1.5°C,FY2033,Targets set,FY2050,Targets set,FY2050,"Overall Net-Zero Target: Broadridge Financial Solutions, Inc. commits to reach net-zero greenhouse gas emissions across the value chain by FY2050. Near-Term Targets: Broadridge Financial Solutions, Inc. commits to reduce absolute scope 1 and 2 GHG emissions 54.6% by FY2033 from a FY2023 base year. Broadridge Financial Solutions, Inc. commits that 78.6% of its suppliers by emissions covering purchased goods and services and upstream transportation and distribution, will have science-based targets by FY2028. Long-Term Targets: Broadridge Financial Solutions, Inc. commits to reduce absolute scope 1 and 2 GHG emissions 90.0% by FY2050 from a FY2023 base year. Broadridge Financial Solutions, Inc. also commits to reduce absolute scope 3 GHG emissions from purchased goods and services, fuel-and energy-related activities, upstream transportation and distribution, waste generated in operations, business travel and, employee commuting 90.0% within the same timeframe.",2025-01-09 01:00:00
CAH,Cardinal Health,sustainability_report,https://www.cardinalhealth.ca/wp-content/uploads/2025/02/cardinal-health-fy24-ESG-report.pdf,,,,,,,False,no_fields_extracted,True,Targets set,1.5°C,FY2030,,,,,"Cardinal Health commits to reduce absolute scope 1 and 2 GHG emissions 50% by FY2030 from a FY2019 base year.* Cardinal Health also commits that 75% of its suppliers by spend, covering purchased goods and services and upstream transportation and distribution, will have science-based targets by FY2028.
*The target boundary includes land-related emissions and removals from bioenergy feedstocks.",2024-03-14 01:00:00
BLDR,Builders FirstSource,sustainability_report,https://s202.q4cdn.com/867695273/files/doc_downloads/esg/Builders-FirstSource_2022-CSR-Report.pdf,,,,,,,False,no_fields_extracted,False,,,,,,,,,
BF.B,Brown-Forman,epa_ghgrp,https://www.brown-forman.com/sites/default/files/team_resources/2022-08/Brown-Forman_ESG_Scorecard_FY2022.pdf,,,,,,,False,"EPA GHGRP 2023 Direct Emitters, matched via parent company 'BROWN-FORMAN CORP' (2 facilities). Scope 1 (direct/on-site) only -- GHGRP does not cover Scope 2. Prior attempt: data_source=sustainability_report, report_url=https://www.brown-forman.com/sites/default/files/team_resources/2022-08/Brown-Forman_ESG_Scorecard_FY2022.pdf, notes=no_fields_extracted",False,,,,,,,,,
CASY,Casey's,sustainability_report,https://s2.q4cdn.com/194594550/files/doc_downloads/sustainability/2023/sustainability-report-2023.pdf,,,,,,,,download_error: 404 Client Error: Not Found for url: https://s2.q4cdn.com/194594550/files/doc_downloads/sustainability/2023/sustainability-report-2023.pdf,False,,,,,,,,,
COR,Cencora,cdp_pdf,https://s203.q4cdn.com/785768684/files/doc_downloads/2025/Cencora-2025-CDP-Submission.pdf,108712.0,90652.0,87492.0,09/30/2019,98742.0,294000000000.0,new,,True,Targets set,1.5°C,FY2032,,,,,"AmerisourceBergen commits to reduce absolute scope 1 and 2 GHG emissions 54.6% by FY2032 from a FY2019 base year. AmerisourceBergen also commits that 82% of its suppliers by spend, covering purchased goods and services, will have science-based targets by FY2027.",2023-01-26 01:00:00
CNC,Centene Corporation,sustainability_report,https://www.centene.com/content/dam/centenedotcom/documents/TCFD-Index-2025.pdf,,,,,,,new,no_fields_extracted,False,,,,,,,,,
AVGO,Broadcom,epa_ghgrp,,34457.051985,,,,,,,"EPA GHGRP 2023 Direct Emitters, matched via parent company 'BROADCOM INC' (1 facilities). Scope 1 (direct/on-site) only -- GHGRP does not cover Scope 2. Prior attempt: data_source=none, report_url=n/a, notes=no_public_report_found",True,Commitment removed,,,,,,,,2024-02-29 01:00:00
BRO,Brown & Brown,none,,,,,,,,,no_public_report_found,False,,,,,,,,,
BG,Bunge Global,none,,,,,,,,,no_public_report_found,False,,,,,,,,,
CPT,Camden Property Trust,none,,,,,,,,,no_public_report_found,False,,,,,,,,,
COF,Capital One,none,,,,,,,,,no_public_report_found,False,,,,,,,,,
CCL,Carnival Corporation,none,,,,,,,,,no_public_report_found,False,,,,,,,,,
CAT,Caterpillar Inc.,epa_ghgrp,,456901.738,,,,,,,"EPA GHGRP 2023 Direct Emitters, matched via parent company 'CATERPILLAR INC' (7 facilities). Scope 1 (direct/on-site) only -- GHGRP does not cover Scope 2. Prior attempt: data_source=none, report_url=n/a, notes=no_public_report_found",False,,,,,,,,,
CBOE,Cboe Global Markets,none,,,,,,,,,no_public_report_found,False,,,,,,,,,
CVNA,Carvana,none,,,,,,,,,no_public_report_found,False,,,,,,,,,
BXP,BXP Inc.,none,,,,,,,,,no_public_report_found,True,Targets set,1.5°C,2030.0,,,Commitment removed,,Near-Term Targets: BXP commits to reduce scope 1 and 2 GHG emissions 73.57% per m2 by 2030 from a 2018 base year. BXP also commits to reduce scope 3 GHG emissions from purchased goods and services and downstream leased assets 58.14% per m2 within the same timeframe.,2025-03-27 01:00:00
CDW,CDW Corporation,none,,,,,,,,,no_public_report_found,True,Targets set,1.5°C,2030.0,,,,,"CDW Corporation commits to reduce absolute scope 1 and 2 GHG emissions 42% by 2030
from a 2022 base year.
CDW Corporation also commits that 80% of its suppliers by emissions covering purchased
goods and services, will have science-based targets by 2028.
CDW Corporation also commits to reduce absolute scope 3 GHG emissions from capital
goods, fuel- and energy-related activities, upstream and downstream transportation and
distribution, waste generated in operations, business travel, employee commuting, use of
sold products and end-of-life treatment of sold products 25% by 2030 from 2022 base year.",2024-11-28 01:00:00
CNP,CenterPoint Energy,epa_ghgrp,,3741577.852,,,,,,,"EPA GHGRP 2023 Direct Emitters, matched via parent company 'CENTERPOINT ENERGY INC' (2 facilities). Scope 1 (direct/on-site) only -- GHGRP does not cover Scope 2. Prior attempt: data_source=none, report_url=n/a, notes=no_public_report_found",False,,,,,,,,,
CF,CF Industries,epa_ghgrp,,20579424.174,,,,,,,"EPA GHGRP 2023 Direct Emitters, matched via parent company 'CF INDUSTRIES HOLDINGS INC' (6 facilities). Scope 1 (direct/on-site) only -- GHGRP does not cover Scope 2. Prior attempt: data_source=none, report_url=n/a, notes=no_public_report_found",False,,,,,,,,,
CRL,Charles River Laboratories,none,,,,,,,,,no_public_report_found,True,Targets set,1.5°C,2030.0,,,,,"Charles River Laboratories, Inc. commits to reduce absolute scope 1 and 2 GHG emissions 50% by 2030 from a 2018 base year. Charles River Laboratories, Inc. commits to increase annual sourcing of renewable electricity from 1% in 2018 to 100% by 2030. Charles River Laboratories, Inc. further commits to reduce absolute scope 3 GHG emissions 15% by 2030 from a 2019 base year. *The target boundary includes biogenic emissions and removals from bioenergy feedstocks.",2021-02-04 01:00:00
SCHW,Charles Schwab Corporation,none,,,,,,,,,no_public_report_found,False,,,,,,,,,
CHTR,Charter Communications,none,,,,,,,,,no_public_report_found,False,,,,,,,,,
CVX,Chevron Corporation,epa_ghgrp,,20881977.004,,,,,,,"EPA GHGRP 2023 Direct Emitters, matched via parent company 'CHEVRON CORP' (31 facilities). Scope 1 (direct/on-site) only -- GHGRP does not cover Scope 2. Prior attempt: data_source=none, report_url=n/a, notes=no_public_report_found",False,,,,,,,,,
CI,Cigna,cdp_pdf,https://www.thecignagroup.com/static/www-thecignagroup-com/docs/cdp-report-questionnaire.pdf,16559.0,78130.0,23453.0,12/31/2019,16671.0,247121000000.0,new,,True,Committed,,,,,,,,2024-05-02 01:00:00
CSCO,Cisco,cdp_pdf,https://www.cisco.com/c/dam/m/en_us/about/csr/esg-hub/_pdf/2024-Cisco-CDP-Climate-Change-Response.pdf,39514.0,567637.0,81806.0,,,,new,,False,,,,,,,,,
CHD,Church & Dwight,cdp_pdf,https://churchdwight.com/pdf/Sustainability/2024-Church-Dwight-CDP-Response.pdf,89596.0,64354.0,13546.0,12/31/2016,81240.0,5867900000.0,new,,True,Targets set,1.5°C,2031.0,,,,,"Church & Dwight commits to reduce absolute scope 1 and 2 GHG emissions 46.2% by 2031 from a 2020 base year. Church & Dwight commits to continue annually sourcing 100% renewable electricity through 2030. Church & Dwight commits that 75% of its suppliers by emissions covering purchased goods and services, capital goods, and upstream transportation and distribution will have science-based targets by 2026.",2022-08-04 01:00:00
CMG,Chipotle Mexican Grill,none,,,,,,,,,no_public_report_found,True,Targets set,1.5°C,2030.0,,,,,Chipotle Mexican Grill commits to reduce absolute scope 1 and 2 GHG emissions 50% by 2030 from a 2019 base year. Chipotle Mexican Grill also commits to reduce absolute scope 3 GHG emissions 50% within the same timeframe.,2021-11-04 01:00:00
CIEN,Ciena,sustainability_report,https://www.ciena.com/__data/assets/pdf_file/0026/70973/Ciena-Sustainability-Report.pdf,,,,,,,,download_error: 403 Client Error: Forbidden for url: https://www.ciena.com/__data/assets/pdf_file/0026/70973/Ciena-Sustainability-Report.pdf,True,Targets set,1.5°C,FY2030,,,,,"Multinational networking systems, services and software company Ciena Corporation commits to reduce absolute scope 1 and 2 GHG emissions 80.6% by FY2030 from a FY2019 base year. Ciena Corporation also commits to reduce scope 3 GHG emissions 71.3% per capacity shipped in Gbps within the same timeframe.",2023-08-31 01:00:00
CB,Chubb Limited,sustainability_report,https://about.chubb.com/content/dam/chubb-sites/chubb/about-chubb/citizenship/environment/pdf/chubb-2024-climate-related-financial-disclosure.pdf,,,,,,,False,no_fields_extracted,False,,,,,,,,,
CINF,Cincinnati Financial,sustainability_report,https://investors.cinfin.com/image/CINF+2024+Sustainability+Report+FINAL.pdf,,,,,,,False,no_fields_extracted,False,,,,,,,,,
C,Citigroup,sustainability_report,https://www.citigroup.com/rcs/citigpa/storage/public/2023-Citi-Climate-Report.pdf,,,,,,,False,no_fields_extracted,False,,,,,,,,,
CTAS,Cintas,sustainability_report,https://www.cintas.com/docs/default-source/esg/cintas_fact_sheet_2025-v2.pdf?sfvrsn=49ceb06d_1,,,,,,,False,no_fields_extracted,False,,,,,,,,,
CFG,Citizens Financial Group,sustainability_report,https://www.citizensbank.com/dam/aefa1c17-9029-4112-bd12-b47401546cb7/2025-sustainability-impact-report-original-file.pdf,,,,,,,False,no_fields_extracted,False,,,,,,,,,
CMS,CMS Energy,cdp_pdf,https://s26.q4cdn.com/888045447/files/doc_downloads/2024-CDP-Corporate-Questionnaire.pdf,14834761.0,62125.0,65076.0,12/31/2014,20132836.0,,new,,False,,,,,,,,,
KO,Coca-Cola Company (The),cdp_pdf,https://www.coca-colacompany.com/content/dam/company/us/en/policies/pdf/sustainability/2023-cdp-climate-change-response.pdf,533906.0,890400.0,716045.0,,,,old,,False,,,,,,,,,
CTSH,Cognizant,cdp_pdf,https://www.cognizant.com/en_us/about/documents/cognizant-2024-cdp-survey.pdf,15789.0,315544.0,249773.0,12/31/2019,15789.0,19353000000.0,new,,False,,,,,,,,,
CL,Colgate-Palmolive,cdp_pdf,https://www.colgatepalmolive.com/content/dam/cp-sites-aem/corporate/corporate/common/pdf/cdp-climate-2023.pdf,195700.0,369000.0,225400.0,,,,old,,False,,,,,,,,,
COHR,Coherent Corp.,cdp_pdf,https://www.coherent.com/resources/coherent/about-us/environmental/coherent-corp-cdp-climate-change-questionnaire.pdf,55254.0,304709.0,223817.0,,,,old,,False,,,,,,,,,
CLX,Clorox,cdp_pdf,https://cdn.metrio.net/clients/clorox/Clorox%20Company-03-10-2025-CORPORATE-12-25.pdf,69998.0,149168.0,19729.0,12/31/2020,74437.0,7164000000.0,new,,True,Targets set,1.5°C,2030.0,,,Commitment removed,,The Clorox Company commits to reduce absolute scope 1 and 2 GHG emissions 50% by 2030 from a 2020 base year*. The Clorox Company also commits to reduce absolute scope 3 GHG emissions from purchased goods and services and use of sold products 25% over the same timeframe. *The target boundary includes biogenic emissions and removals from bioenergy feedstocks.,2021-09-23 01:00:00
CME,CME Group,sustainability_report,https://www.cmegroup.com/company/corporate-citizenship/files/2024-cme-group-corporate-citizenship-report.pdf,,,,,,,False,no_fields_extracted,False,,,,,,,,,
COIN,Coinbase,none,,,,,,,,,no_public_report_found,False,,,,,,,,,
CMCSA,Comcast,sustainability_report,https://cmcsa.gcs-web.com/static-files/7f30a3ff-a4e8-4ea5-8968-3470cb2466e2,,,,,,,,"download_error: HTTPSConnectionPool(host='cmcsa.gcs-web.com', port=443): Read timed out. (read timeout=30)",True,Targets set,1.5°C,2030.0,,,,,"Near-Term Targets: 
Comcast commits to reduce absolute scope 1 and 2 GHG emissions 50% by 2030 from a 2019 base year.* Comcast also commits to reduce absolute scope 3 GHG emissions from fuel- and energy-related activities, business travel, employee commuting, use of sold products and downstream leased assets 27.5% within the same timeframe.* Comcast further commits that 36% of its suppliers by emissions covering purchased goods and services, capital goods, upstream transportation and distribution, waste generated in operations and upstream leased assets, will have science-based targets by 2029.
*The target boundary includes land-related emissions and removals from bioenergy feedstocks. ",2025-04-24 01:00:00
FIX,Comfort Systems USA,sustainability_report,https://comfortsystemsusa.com/wp-content/uploads/CSUSA_Sustainability_Report_2024_.pdf,,,,,,,,download_error: 403 Client Error: Forbidden for url: https://comfortsystemsusa.com/wp-content/uploads/CSUSA_Sustainability_Report_2024_.pdf,False,,,,,,,,,
COP,ConocoPhillips,cdp_pdf,https://static.conocophillips.com/files/resources/conocophillips-2024-cdp.pdf,16432000.0,1001000.0,,,,58574000000.0,new,,False,,,,,,,,,
ED,Consolidated Edison,epa_ghgrp,,2463230.61,,,,,,,"EPA GHGRP 2023 Direct Emitters, matched via parent company 'CONSOLIDATED EDISON INC' (5 facilities). Scope 1 (direct/on-site) only -- GHGRP does not cover Scope 2. Prior attempt: data_source=none, report_url=n/a, notes=no_public_report_found",False,,,,,,,,,
STZ,Constellation Brands,none,,,,,,,,,no_public_report_found,False,,,,,,,,,
CEG,Constellation Energy,cdp_pdf,https://www.constellationenergy.com/content/dam/constellationenergy/pdfs/impact/ethics-and-compliance/sustainability-policies/CDP_Questionnaire_Response_Submitted_web.pdf,8237643.0,305471.0,373242.0,12/31/2020,7982743.0,23568000000.0,new,,False,,,,,,,,,
COO,Cooper Companies,none,,,,,,,,,no_public_report_found,False,,,,,,,,,
CPRT,Copart,sustainability_report,https://www.copart.com/content/copart-esg-report-2024.pdf,,,,,,,False,no_fields_extracted,False,,,,,,,,,
GLW,Corning Inc.,cdp_pdf,https://www.corning.com/media/worldwide/Sustainability/Files/Corning_Incorporated_2024_CDP_Response_Final.pdf,727468.17,3214098.37,3103859.15,12/31/2021,821477.38,12588000000.0,new,,True,Targets set,1.5°C,2028.0,,,,,"Corning Incorporated commits to reduce absolute scope 1 and 2 GHG
emissions 30% by 2028 from a 2021 base year. Corning Incorporated also
commits to reduce absolute scope 3 GHG emissions covering purchased
goods and services, capital goods, fuel and energy related activities and
upstream transportation and distribution 17.5% within the same
timeframe.",2023-09-21 01:00:00
CPAY,Corpay,none,,,,,,,,,no_public_report_found,False,,,,,,,,,
CTVA,Corteva,cdp_pdf,https://www.corteva.com/content/dam/dpagco/corteva/global/corporate/files/sustainability/Corteva-CDP-Corporate-Questionnaire-2025.pdf,386476.7,0.0,609078.2,12/31/2020,386000.0,16900000000.0,new,,False,,,,,,,,,
CSGP,CoStar Group,sustainability_report,https://www.costargroup.com/sites/costargroup.com/files/docs/2024-05/CoStar%20Group-ESG-Report-2024_0.pdf,3139.0,8079.0,8103.0,,,,False,,True,Targets set,1.5°C,2033.0,Targets set,2050.0,Targets set,2050.0,"Overall Net-Zero Target: 
CoStar Group commits to reach net-zero greenhouse gas emissions across the value chain by 2050.
Near-Term Targets: 
CoStar Group commits to reduce absolute scope 1 and 2 GHG emissions 54.6% by 2033 from a 2023 base year. CoStar Group also commits to reduce scope 3 GHG emissions from capital goods 61.1% per USD value added within the same timeframe. CoStar Group further commits that 75.3% of its suppliers by spend covering purchased goods and services will have science-based targets by 2029.
Long-Term Targets: 
CoStar Group commits to reduce absolute scope 1 and 2 GHG emissions 90% by 2050 from a 2023 base year. CoStar Group also commits to reduce scope 3 GHG emissions 97% per USD value added within the same timeframe.",2025-04-24 01:00:00
COST,Costco,none,,,,,,,,,no_public_report_found,False,,,,,,,,,
CRH,CRH plc,sustainability_report,https://www.crh.com/wp-content/uploads/2026/03/crh-2025-sustainability-performance-report_final_interactive.pdf,26897195.0,,,,,,False,,True,Targets set,1.5°C,2030.0,,,,,CRH commits to reduce gross scope 1 and scope 2 GHG emissions 33.5% per tonne of cementitious product by 2030 from a 2021 base year*. CRH also commits to reduce absolute gross scope 1 and 2 GHG emissions from other activities 42.0% by 2030 from a 2021 base year*. CRH further commits to reduce gross scope 3 GHG emissions 23.5% from purchased clinker and cement per tonne purchased over the same timeframe. *The target boundary includes land-related emissions and removals from bioenergy feedstocks.,2023-03-02 01:00:00
CRWD,CrowdStrike,none,,,,,,,,,no_public_report_found,True,Targets set,1.5°C,FY2031,,,Commitment removed,,"Near-Term Targets:
CrowdStrike commits to reduce absolute scope 1 and 2 GHG emissions 35.39% by FY2031 from a FY2025 base year.* CrowdStrike also commits to reduce scope 3 GHG emissions from purchased goods and services and business travel 51.6% per USD value added within the same timeframe.

*The target boundary includes land-related emissions and removals from biogenic feedstocks.",2026-07-02 01:00:00
CCI,Crown Castle,sustainability_report,https://www.crowncastle.com/sustainability/resources/2024-sustainability-report.pdf,,,,,,,False,no_fields_extracted,False,,,,,,,,,
CSX,CSX Corporation,sustainability_report,https://www.csx.com/share/wwwcsx15/assets/File/About_Us/Responsibility/2024-Sustainability-Data-Supplement.pdf,4259842.0,,138968.0,,,,False,,True,Targets set,Well-below 2°C,2029.0,,,,,CSX commits to reduce scope 1 and 2 GHG emissions intensity 37% per million gross ton miles by 2029 from a 2014 base year.,2020-05-14 01:00:00
CMI,Cummins,cdp_pdf,https://www.cummins.com/sites/default/files/2023-08/cummins-2023-cdp-climate-report.pdf,367470.0,532645.0,426216.0,,,,old,,True,Targets set,1.5°C,2030.0,,,,,Power generation design and manufacturers Cummins Inc Cummins Inc commits to reduce absolute scope 1 and 2 GHG emissions 50% by 2030 from a 2018 base year. Cummins Inc also commits to reduce absolute scope 3 GHG emissions from the use of sold products 25% by 2030 from a 2018 base year.,2021-10-14 01:00:00
CVS,CVS Health,sustainability_report,https://www.cvshealth.com/content/dam/enterprise/cvs-enterprise/images/impact-2026/pdfs/2025_Impact_Report_Appendix.pdf,,,,,,,False,no_fields_extracted,True,Targets set,1.5°C,2030.0,Targets set,2050.0,Targets set,2050.0,"CVS Health CVS Health commits to reach net-zero greenhouse gas emissions across the value chain by 2050. Near-term Target As part of this commitment, CVS commits to reduce absolute scope 1 and 2 GHG emissions 47% by 2030 from a 2019 base year. CVS also commits to reduce absolute scope 3 GHG emissions from purchased goods and services 47% by 2030 from a 2019 base year. Long-Term Target CVS commits to reduce absolute scope 1 and 2 GHG emissions 90% by 2050 from a 2019 base year. CVS also commits to reduce absolute scope 3 GHG emissions from purchased goods and services, business travel, and downstream transportation 90% by 2050 from a 2019 base year.",2021-10-01 01:00:00
DHR,Danaher Corporation,cdp_pdf,https://www.danaher.com/sites/default/files/2026-02/danaher-corporation-2025-cdp-response.pdf,109180.0,203413.0,97036.0,12/31/2021,106834.0,23875000000.0,new,,True,Targets set,1.5°C,2035.0,Targets set,2050.0,Targets set,2050.0,"Overall Net-Zero Target:
Danaher Corporation commits to achieve net-zero greenhouse gas emissions across the value chain by 2050.

Near-Term Targets:
Danaher Corporation commits to reduce absolute scope 1 and 2 GHG emissions 54.6% by 2032 from a 2021 base year. Danaher Corporation also commits to reduce absolute scope 3 GHG emissions from purchased goods and services, upstream transportation and distribution and use of sold products 31.73% by 2035 from a 2024 base year. Danaher Corporation further commits that 40.0% of its suppliers by emissions covering purchased goods and services and upstream transportation and distribution, will have science-based targets by 2030.

Long-Term Targets:
Danaher Corporation commits to reduce absolute scope 1 and 2 GHG emissions 90.0% by 2050 from a 2021 base year. Danaher Corporation also commits to reduce absolute scope 3 GHG emissions 90.0% by 2050 from a 2024 base year.",2026-08-27 01:00:00
DRI,Darden Restaurants,sustainability_report,https://www.darden.com/sites/default/files/2023-08/Environmental%20Disclosure%20Table%20and%20Assurance%20Statement-Aug%202023.pdf,345316.0,424495.0,,,,,False,,False,,,,,,,,,
DDOG,Datadog,none,,,,,,,,,no_public_report_found,False,,,,,,,,,
DVA,DaVita,cdp_pdf,https://davita.com/wp-content/uploads/sites/2/2026/04/davita-inc-15-09-2025-corporate-questionare.pdf,65988.0,254210.0,254210.0,12/31/2018,64185.0,12815550000.0,new,,True,Targets set,1.5°C,2030.0,,,,,"DaVita Inc. commits to reduce absolute scope 1 and 2 GHG emissions 50% by 2030 from a 2018 base year. DaVita Inc. commits to increase annual sourcing of renewable electricity from 0% in 2018 to 100% by 2030. DaVita Inc. also commits that 70% of its suppliers by emissions covering purchased goods and services, capital goods, waste generated in operations, and downstream transportation and distribution will have science-based targets by 2025.",2021-05-27 01:00:00
DECK,Deckers Brands,none,,,,,,,,,no_public_report_found,True,Targets set,1.5°C,FY2030,,,,,Deckers Brands commits to reduce absolute scope 1 and 2 GHG emissions 46% by FY2030 from a FY2019 base year. Deckers Brands also commits to reduce scope 3 GHG emissions 58% per $M gross profit within the same timeframe.,2021-11-04 01:00:00
DE,Deere & Company,cdp_pdf,https://s22.q4cdn.com/253594569/files/doc_downloads/2026/04/Deere-Company-2025-CDP-Corporate-Questionnaire.pdf,353900.0,544000.0,224000.0,,,51716000.0,new,,True,Targets set,1.5°C,FY2030,,,,,Deere & Company commits to reduce absolute scope 1 and 2 GHG emissions 50% by FY2030 from a FY2021 base year*. Deere & Company also commits to reduce absolute scope 3 GHG emissions from purchased goods and services and use of sold products 30% within the same timeframe. *The target boundary includes land-related emissions and removals from bioenergy feedstocks.,2023-10-26 01:00:00
DELL,Dell Technologies,none,,,,,,,,,no_public_report_found,True,Targets set,1.5°C,FY2031,Targets set,FY2051,Targets set,FY2051,"Overall Net-Zero Target: Dell Technologies commits to reach net-zero greenhouse gas emissions across the value chain by FY2051. Near-Term Targets: Dell Technologies commits to reduce absolute scope 1 and 2 GHG emissions 50% by FY2031 from a FY2020 base year. Dell Technologies also commits to reduce absolute scope 3 GHG emissions from purchased goods and services 45% within the same timeframe. Dell Technologies further commits to reduce absolute scope 3 GHG emissions from use of sold products 30% within the same timeframe. Long-Term Targets: Dell Technologies commits to reduce absolute scope 1 and 2 GHG emissions 90% by FY2051 from a FY2020 base year. Dell Technologies also commits to reduce absolute scope 3 GHG emissions 90% within the same timeframe. 
 
",2024-09-19 01:00:00
DAL,Delta Air Lines,epa_ghgrp,https://esghub.delta.com/content/dam/esg/2025/pdf/2025-Assurance-Statement.pdf,,,,,,,False,"EPA GHGRP 2023 Direct Emitters, matched via parent company 'DELTA AIR LINES INC' (2 facilities). Scope 1 (direct/on-site) only -- GHGRP does not cover Scope 2. Prior attempt: data_source=sustainability_report, report_url=https://esghub.delta.com/content/dam/esg/2025/pdf/2025-Assurance-Statement.pdf, notes=no_fields_extracted",True,Targets set,Well-below 2°C,2035.0,,,Committed,,Delta Air Lines commits to reduce well-to-wake scope 1 and 3 jet fuel GHG emissions 45% per revenue tonne kilometer by 2035 from a 2019 base year*. *Non-CO2e effects which may also contribute to aviation induced warming are not included in this target. Delta Air Lines commits to report publicly on its collaboration with stakeholders to improve understanding of opportunities to mitigate the non-CO2e impacts of aviation annually over its target timeframe.,2022-09-01 01:00:00
DVN,Devon Energy,cdp_pdf,https://dvnweb-hfhahvbraba9feev.a01.azurefd.net/assets/documents/Sustainability/Environment/DVN_2024-CDP-Climate-Response.pdf,4370000.0,370000.0,,,,15258000000.0,new,,False,,,,,,,,,
DXCM,Dexcom,sustainability_report,https://s201.q4cdn.com/758408164/files/doc_governance/2025/Jul/31/2024_Dexcom-Environmental-Data-and-Targets-Supplemental-Report-60c537.pdf,,,,,,,False,no_fields_extracted,True,Commitment removed,,,,,,,,2023-06-08 01:00:00
FANG,Diamondback Energy,cdp_pdf,https://www.diamondbackenergy.com/static-files/eeb0aaba-c279-457a-abc5-a7419e48fdfd,,,,,,,,"download_error: HTTPSConnectionPool(host='www.diamondbackenergy.com', port=443): Read timed out. (read timeout=30)",False,,,,,,,,,
DLR,Digital Realty,none,,,,,,,,,no_public_report_found,True,Targets set,1.5°C,2030.0,,,Committed,,"Near-Term Targets: Digital Realty commits to reduce absolute scope 1 and 2 GHG emissions 42% by 2030 from a 2023 base year. Digital Realty also commits to reduce absolute scope 3 GHG emissions from purchased goods and services, upstream transportation and distribution, downstream leased assets and investments 25% within the same timeframe.",2025-06-26 01:00:00
DG,Dollar General,none,,,,,,,,,no_public_report_found,False,,,,,,,,,
DLTR,Dollar Tree,cdp_pdf,https://corporate.dollartree.com/_assets/_e787f6b4622eb0358394321c96ae9741/dollartreeinfo/files/Dollar_Tree_CDP_2025.pdf,204037.08,466245.52,476098.1,01/31/2024,204037.08,17565800000.0,new,,False,,,,,,,,,
D,Dominion Energy,cdp_pdf,https://sustainability.dominionenergy.com/2024-CDP-DominionEnergy.pdf,29523724.0,444018.0,444018.0,,,,new,,False,,,,,,,,,
DOV,Dover Corporation,cdp_pdf,https://www.dovercorporation.com/docs/libraries/esg/CDP-Response-2024.pdf,54787.0,106904.0,115146.0,12/31/2019,57601.0,8438134000.0,new,,True,Targets set,Well-below 2°C,2030.0,,,,,Dover Corporation commits to reduce absolute scope 1 and 2 market-based GHG emissions 30% by 2030 from a 2019 base year. Dover Corporation also commits to reduce absolute scope 3 GHG emissions 15% within the same timeframe.,2021-06-23 01:00:00
DOW,Dow Inc.,cdp_pdf,https://corporate.dow.com/content/dam/corp/documents/science-sustainability/066-00485-01-dow-2024-cdp-corporate-questionnaire.pdf,28760000.0,3950000.0,6220000.0,12/31/2020,28760000.0,,new,,False,,,,,,,,,
DTE,DTE Energy,cdp_pdf,https://empoweringmichigan.com/wp-content/uploads/DTEEnergyCompany2024CDP.pdf,22630000.0,115000.0,,,,,new,,False,,,,,,,,,
DUK,Duke Energy,cdp_pdf,https://s201.q4cdn.com/583395453/files/doc_downloads/esg-key-documents/2024/10/Duke-Energy-CDP-Response-2024.pdf,79000000.0,414000.0,,12/31/2005,138800000.0,,new,,False,,,,,,,,,
DD,DuPont,cdp_pdf,https://www.dupont.com/content/dam/dupont/amer/us/en/corporate/about-us/Sustainability/2024Sustainability/DuPont-Corporate-CDP-Submission.pdf,1408320.0,876611.0,608501.0,12/31/2019,2058130.0,12400000000.0,new,,False,,,,,,,,,
DPZ,Domino's,none,,,,,,,,,no_public_report_found,False,,,,,,,,,
DASH,DoorDash,sustainability_report,https://assets.ctfassets.net/trvmqu12jq2l/m1CoiDgLmVeiQZtIw7bBh/5b8e41519e4bd355215a9ec39b9ff462/2024_DD_Environmental_Sustainability_Update_-_R2.pdf,,,,,,,False,no_fields_extracted,False,,,,,,,,,
DHI,D. R. Horton,sustainability_report,https://investor.drhorton.com/~/media/Files/D/D-R-Horton-IR/documents/d-r-horton-inc-fy2024-sustainability-report.pdf,,,,,,,False,no_fields_extracted,False,,,,,,,,,
ETN,Eaton Corporation,cdp_pdf,http://eatonelectrical.com.cn/content/dam/eaton/company/sustainability/files/eaton-cdp-climate-change-and-water-response.pdf,272186.21,638078.9,584778.1,12/31/2018,284822.34,24878000000.0,new,,True,Targets set,1.5°C,2030.0,Targets set,2050.0,Targets set,2050.0,Overall Net-Zero Target: Eaton commits to reach net-zero greenhouse gas emissions across the value chain by 2050. Near-Term Targets: Eaton commits to reduce absolute scope 1 and 2 GHG emissions 50.4% by 2030 from a 2018 base year. Eaton also commits to reduce scope 3 GHG emissions 58.1% per USD value added  within the same timeframe.  Long-Term Targets: Eaton commits to reduce absolute scope 1 and 2 GHG emissions 90% by 2050 from a 2018 base year. Eaton also commits to reduce absolute scope 3 GHG emissions 90% within the same timeframe.,2025-04-10 01:00:00
EBAY,eBay Inc,cdp_pdf,https://static.ebayinc.com/static/assets/Uploads/Documents/CDP-CC-Response-eBay-2025.pdf,4951.0,122216.0,146.5,,,10283000000.0,new,,True,Targets set,1.5°C,2030.0,Targets set,2045.0,Targets set,2045.0,Overall Net-Zero Target: eBay Inc. commits to reach net-zero greenhouse gas emissions across the value chain by 2045. Near-Term Targets: eBay Inc. commits to reduce absolute scope 1 and 2 GHG emissions 90% by 2030 from a 2019 base year. eBay Inc. also commits to reduce absolute scope 3 GHG emissions from downstream transportation and distribution 27.5% within the same timeframe.  Long-Term Targets: eBay Inc. commits to maintain a minimum of 90% absolute scope 1 and 2 GHG emissions reductions from 2030 through 2045 from a 2019 base year. eBay Inc. also commits to reduce absolute scope 3 GHG emissions 90% by 2045 from a 2019 base year.,2025-02-27 01:00:00
ECHO,EchoStar,none,,,,,,,,,no_public_report_found,False,,,,,,,,,
ECL,Ecolab,cdp_pdf,https://www.ecolab.com/-/media/Widen/Sustainability/Ecolab-2022-CDP-Climate-Change.pdf,319180.0,130778.0,48800.0,,,,old,,True,Targets set,1.5°C,2030.0,Targets set,2050.0,Targets set,2050.0,"Overall Net-Zero Target: 
Ecolab Inc. commits to reach net-zero greenhouse gas emissions across the value chain by 2050.
Near-Term Targets: 
Ecolab commits to reduce absolute scope 1 and 2 GHG emissions 50.4% by 2030 from a 2018 base year.* Ecolab also commits to increase active annual sourcing of renewable electricity from 12.9% in 2018 to 100% by 2030. Ecolab further commits to reduce absolute scope 3 GHG emissions from purchased goods and services, fuel and energy related activities, upstream transportation and distribution, and downstream leased assets 25% by 2030 from a 2022 base year.
*The target boundary includes land-related emissions and removals from bioenergy feedstocks.
Long-Term Targets: 
Ecolab commits to reduce absolute scope 1 and 2 GHG emissions 90% by 2050 from a 2018 base year.* Ecolab also commits to reduce absolute scope 3 GHG emissions 90% by 2050 from a 2022 base year.
*The target boundary includes land-related emissions and removals from bioenergy feedstocks.",2024-08-29 01:00:00
EIX,Edison International,epa_ghgrp,,1056295.0,,,,,,,"EPA GHGRP 2023 Direct Emitters, matched via parent company 'EDISON INTERNATIONAL' (1 facility). Scope 1 (direct/on-site) only -- GHGRP does not cover Scope 2. CDP search inconclusive (no clean current-year PDF), used EPA directly to save budget.",False,,,,,,,,,
EW,Edwards Lifesciences,cdp_pdf,https://assets-us-01.kc-usercontent.com/6239a81e-8f0f-0040-a1df-b4932a10f6ae/282110be-a8a1-488e-b7a8-7bf7efaddbdb/2025%20CDP%20Climate%20Change%20Response.pdf,7985.0,22017.0,20689.0,12/31/2021,7985.0,5439500000.0,new,,True,Targets set,1.5°C,2030.0,,,,,"Edwards Lifesciences commits to reduce absolute scope 1 and 2 GHG
emissions 42% by 2030 from a 2021 base year. Edwards Lifesciences also
commits to reduce scope 3 GHG emissions 51.6% per USD of value added
within the same timeframe.",2023-07-13 01:00:00
ELV,Elevance Health,sustainability_report,https://www.elevancehealth.com/annual-report/2023/assets/pdfs/performance-tables.pdf,,,,,,,False,no_fields_extracted,True,Targets set,1.5°C,2030.0,,,,,"Elevance Health Inc. commits to reduce absolute scope 1 GHG emissions 46.2% by 2030 from a 2019 base year. Elevance Health Inc. also commits to continue active annual sourcing of 100% renewable electricity through 2030. Elevance Health Inc. further commits that 75% of its suppliers by spend, covering purchased goods and services, will have science-based targets by 2028.",2024-09-19 01:00:00
EME,Emcor,sustainability_report,https://emcorgroup.com/application/files/8417/0016/8419/EME_SustainabilitySupplement_GHG_EmissionsInventory_231109.pdf,,,,,,,False,no_fields_extracted,True,Commitment removed,,,,,,,,2022-12-08 01:00:00
EMR,Emerson Electric,cdp_pdf,https://ir.emerson.com/_assets/_8d048e60abb41f8ffce02b887bbb8964/emerson/db/1065/9886/document/Emerson+2025+CDP+Corporate+Questionnaire.pdf,82510.0,267155.0,212594.0,09/30/2021,82456.0,17492000000.0,new,,True,Targets set,1.5°C,FY2030,Targets set,FY2045,Targets set,FY2045,"Overall Net-Zero Target Emerson commits to reach net-zero greenhouse gas emissions across the value chain by FY2045. Near-Term Targets Emerson commits to reduce absolute scope 1 and scope 2 GHG emissions 90% by FY2030 from a FY2021 base year.* Emerson also commits to reduce absolute scope 3 GHG emissions 25% within the same timeframe. *The target boundary includes biogenic emissions and removals from bioenergy feedstocks. Long-Term Targets Emerson commits to maintain at least 90% absolute scope 1 and 2 GHG emission reductions from FY2030 through FY2045, relative to a FY2021 base year.* Emerson also commits to reduce absolute scope 3 GHG emissions 90% by FY2045 from a FY2021 base year. *The target boundary includes land-related emissions and removals from bioenergy feedstocks.",2023-05-18 01:00:00
ETR,Entergy,cdp_pdf,https://www.entergy.com/wp-content/uploads/2024_Entergy_CDP.pdf,35996463.0,157.0,,12/31/2000,45957614.0,,new,,False,,,,,,,,,
EOG,EOG Resources,epa_ghgrp,,318787.588,,,,,,,"EPA GHGRP 2023 Direct Emitters, matched via parent company 'EOG RESOURCES INC' (7 facilities). Scope 1 only. CDP search found no direct hit; used EPA to save budget.",False,,,,,,,,,
EQT,EQT Corporation,cdp_pdf,https://esg.eqt.com/content/EQT%20Corporation%20-%20CDP%20Climate%20Change%20Questionnaire%20-%202022%20Data%20-%20FINAL.pdf,836408.0,5294.0,,,,,old,,False,,,,,,,,,
EFX,Equifax,sustainability_report,https://assets.equifax.com/assets/corp/equifax_2025_climate_report,,,,,,,False,no_fields_extracted,True,Targets set,1.5°C,2032.0,,,,,Equifax Inc. commits to reduce absolute scope 1 and 2 GHG emissions 54.6% by 2032 from a 2019 base year. Equifax Inc. also commits that 73% of its suppliers by spend covering purchased goods & services and capital goods will have science-based targets by 2027.,2023-10-05 01:00:00
EQIX,Equinix,sustainability_report,https://www.equinix.com/content/dam/eqxcorp/en_us/documents/resources/data-sheets/ds_sustainability_data_en.pdf,,,,,,,False,no_fields_extracted,True,Targets set,1.5°C,2030.0,Targets set,2040.0,Targets set,2040.0,"Overall Net-Zero Target: Equinix, Inc. commits to reach net-zero greenhouse gas emissions across the value chain by 2040.
 Near-Term Targets: Equinix, Inc. commits to reduce absolute scope 1 and 2 GHG emissions 50% by 2030 from a 2019 base year.* Equinix, Inc. also commits to increase active annual sourcing of renewable electricity from 87% in 2019 to 100% by 2030. Equinix, Inc. further commits to reduce absolute scope 3 GHG emissions  from fuel and energy related activities 50% by 2030 from a 2019 base year.* Equinix, Inc. finally commits that 66% of its suppliers by emissions covering purchased goods and services and capital goods, will have science-based targets by 2025.
*The target boundary includes land-related emissions and removals from bioenergy feedstocks.
 Long-Term Targets: Equinix, Inc. commits to reduce absolute scope 1 and 2 GHG emissions 90% by 2040 from a 2019 base year.*  Equinix, Inc. also commits to reduce absolute scope 3 GHG emissions 90% within the same timeframe.*
*The target boundary includes land-related emissions and removals from bioenergy feedstocks.",2025-04-17 01:00:00
ERIE,Erie Indemnity,none,,,,,,,,,no_public_report_found,False,,,,,,,,,
ESS,Essex Property Trust,sustainability_report,https://media.essexapartmenthomes.com/v1/media/edge/images/Project/EssexPropertyTrust/PDFs/ESG-Reports/2024_Essex_Sustainability_and_Impact_Report.pdf,,,,,,,False,no_fields_extracted,True,Targets set,1.5°C,2034.0,,,,,"Near-Term Targets: Essex Property Trust, Inc. commits to reduce scope 1 and 2 absolute GHG emissions 67.2% by 2034 from a 2018 base year. Essex Property Trust, Inc. also commits to reduce absolute scope 3 GHG emissions from purchased goods and services, upstream transportation and distribution, waste generated in operations and downstream leased assets 35% by 2034 from a 2023 base year.",2025-06-19 01:00:00
EL,Estée Lauder Companies (The),cdp_pdf,https://media.elcompanies.com/files/e/estee-lauder-companies/global/our-impact/si-s24/cdp-2024.pdf,29543.05,60179.73,1271.45,06/30/2018,34522.06,,new,,False,,,,,,,,,
EG,Everest Group,sustainability_report,https://www.unepfi.org/wordpress/wp-content/uploads/2024/04/Everest-2023-Corporate-Responsibility-Report.pdf,,,,,,,False,no_fields_extracted,False,,,,,,,,,
EVRG,Evergy,epa_ghgrp,,24537349.264,,,,,,,"EPA GHGRP 2023 Direct Emitters, matched via parent company 'EVERGY INC' (13 facilities). Scope 1 only, used directly to save budget.",False,,,,,,,,,
ES,Eversource Energy,none,,,,,,,,,no_public_report_found,True,Commitment removed,,,,,,,,2022-11-30 01:00:00
EXC,Exelon,cdp_pdf,https://www.exeloncorp.com/sustainability/Documents/Exelon_Investor_CDP.pdf,413000.0,4323044.0,4895389.0,,,,new,,False,,,,,,,,,
EXE,Expand Energy,none,,,,,,,,,no_public_report_found,False,,,,,,,,,
EXPE,Expedia Group,sustainability_report,https://careers.expediagroup.com/wp-content/uploads/2026/06/expedia-group-global-impact-report-2025.pdf,,,,,,,False,no_fields_extracted,True,Targets set,1.5°C,2030.0,,,,,"Expedia Group, Inc. commits to reduce absolute scope 1 and 2 GHG emissions 75% by 2030 from a 2022 base year. Expedia Group, Inc. also commits that 78% of its suppliers by emissions covering purchased goods and services, capital goods, and business travel, will have science-based targets by 2028.",2024-09-19 01:00:00
EXPD,Expeditors International,cdp_pdf,https://s23.q4cdn.com/539497486/files/doc_financials/2023/sr/CDP-Climate-Change-Questionnaire-2023.pdf,68000.0,185000.0,149000.0,,,,old,,False,,,,,,,,,
EXR,Extra Space Storage,none,,,,,,,,,no_public_report_found,False,,,,,,,,,
XOM,ExxonMobil,epa_ghgrp,,35406994.226,,,,,,,"EPA GHGRP 2023 Direct Emitters, parent company 'EXXON MOBIL CORP' (35 facilities) -- normalization missed the space vs our roster's 'ExxonMobil', unambiguous match confirmed manually. Scope 1 only.",False,,,,,,,,,
FFIV,"F5, Inc.",sustainability_report,https://s21.q4cdn.com/785172654/files/doc_financials/2024/ar/FY24_F5_ESG_Report_FINAL.pdf,,,,,,,False,no_fields_extracted,True,Targets set,1.5°C,FY2030,,,,,"F5, Inc. commits to reduce absolute scope 1 and 2 GHG emissions 50%
by FY2030 from a FY2021 base year. 
F5, Inc. also commits to reduce
absolute scope 3 GHG emissions 43% within the same timeframe.",2024-09-05 01:00:00
FDS,FactSet,none,,,,,,,,,no_public_report_found,False,,,,,,,,,
FICO,Fair Isaac,none,,,,,,,,,no_public_report_found,False,,,,,,,,,
FAST,Fastenal,cdp_pdf,https://crafter.fastenal.com/static-assets/pdfs/fcom/2023_CDP_Report_Revised.pdf,110830.87,48606.75,50181.62,,,,old,,False,,,,,,,,,
FRT,Federal Realty Investment Trust,none,,,,,,,,,no_public_report_found,True,Targets set,1.5°C,2030.0,,,,,"This target was approved using a streamlined target validation route exclusive to small and medium-sized enterprises (SMEs). https://sciencebasedtargets.org/faqs-for-smes/ Federal Realty Investment Trust commits to reduce scope 1 and scope 2 GHG emissions 46% by 2030 from a 2019 base year, and to measure and reduce its scope 3 emissions.",2022-09-29 01:00:00
FDX,FedEx,cdp_pdf,https://www.fedex.com/content/dam/fedex/us-united-states/sustainability/gcrs/FedEx_Corp_CDP_2025.pdf,14842148.0,898484.0,966871.0,,,,new,,True,Targets set,1.5°C,FY2035,,,,,"Near-Term Targets:
FedEx Corporation commits to reduce absolute scope 1 and 2 GHG emissions 58.8% by FY2035 from a FY2024 base year.* FedEx Corporation also commits to reduce absolute scope 3 GHG emissions from fuel- and energy-related activities and upstream transportation and distribution 35.0% within the same timeframe. FedEx Corporation further commits that 70.0% of its suppliers by spend covering purchased goods and services and capital goods, will have science-based targets by FY2030.

*The target boundary includes land-related emissions and removals from biogenic feedstocks.",2026-04-23 01:00:00
FDXF,FedEx Freight,none,,,,,,,,,no_public_report_found,False,,,,,,,,,
FERG,Ferguson Enterprises,cdp_pdf,https://s201.q4cdn.com/465729859/files/doc_governance/2025/Dec/15/Ferguson-2025-CDP-Response-9d46ab.pdf,162792.0,85302.0,26981.0,,,29600000000.0,new,,False,,,,,,,,,
FIS,Fidelity National Information Services,sustainability_report,https://www.fisglobal.com/-/media/fisglobal/files/pdf/report/2024-global-sustainability-report.pdf,,,,,,,False,no_fields_extracted,False,,,,,,,,,
FITB,Fifth Third Bancorp,cdp_pdf,https://s23.q4cdn.com/252949160/files/doc_downloads/2025/11/2025-CDP-Fifth-Third-Bancorp.pdf,9449.0,51413.0,0.0,,,8479000000.0,new,,False,,,,,,,,,
FSLR,First Solar,cdp_pdf,https://www.firstsolar.com/-/media/First-Solar/Sustainability-Documents/2024-CDP-Corporate-Questionnaire.pdf,11638.0,793171.0,776502.0,,,3318602000.0,new,,True,Targets set,1.5°C,2028.0,Targets set,2050.0,Targets set,2050.0,"Overall Net-Zero Target First Solar Inc commits to reach net-zero GHG emissions across the value chain by 2050. Near-Term Targets First Solar commits to reduce absolute scope 1 and 2 GHG emissions 34% by 2028 from a 2020 base year. First Solar also commits to reduce scope 3 GHG emissions from purchased goods and services 45% per MW produced within the same timeframe. Long-Term Targets First Solar Inc commits to reduce absolute Scope 1 and 2 GHG emissions 90% by 2050 from a 2020 base year. First Solar Inc commits to reduce Scope 3 GHG emissions from purchased goods and services, capital goods, and fuel- and energy-related activities 97% per MW produced within the same timeframe.",2023-08-31 01:00:00
FE,FirstEnergy,epa_ghgrp,,15258135.972,,,,,,,"EPA GHGRP 2023 Direct Emitters, parent company 'FIRSTENERGY CORP', only 2 facilities matched -- CAUTION: likely an UNDERCOUNT, since FirstEnergy's many generating subsidiaries (Ohio Edison, Penn Power, etc.) probably report under separate parent-company names not captured by exact matching. Scope 1 only.",False,,,,,,,,,
FISV,Fiserv,sustainability_report,https://www.fiserv.com/content/dam/fiserv-ent/final-files/marketing-collateral/documents-handouts-flyers/fiserv-climate-related-risk-disclosure-report-0226.pdf,,,,,,,False,no_fields_extracted,False,,,,,,,,,
FLEX,Flex Ltd.,cdp_pdf,https://flex.com/downloads/cdp-climate-and-water-security-questionnaire-2024,83630.0,642598.0,503628.0,,,29387000000.0,new,,True,Targets set,1.5°C,2030.0,,,,,"Flex commits to reduce absolute scope 1 and 2 GHG emissions 50% by 2030 from a 2019 base year*. Flex commits that 70% of its customers by emissions covering purchased goods and services, capital goods and use of sold products, will have science-based targets by 2025. *The target boundary includes biogenic emissions and removals from bioenergy feedstocks.",2021-04-22 01:00:00
F,Ford Motor Company,cdp_pdf,https://corporate.ford.com/content/dam/corporate/us/en-us/documents/reports/ford-cdp-climate-water-report.pdf,1419442.81,3262018.65,3110560.1,12/31/2017,1384651.26,176000000000.0,new,,True,Targets set,1.5°C/Well-below 2°C,2035.0,,,Commitment removed,,Ford Motor Company commits to reduce absolute scope 1 and scope 2 GHG emissions 76% by 2035 from a 2017 base year. Ford Motor Company also commits to reduce scope 3 use of sold products GHG emissions 50% per vehicle kilometer by 2035 from a 2019 base year. Auto manufacturers have two near-term target temperature alignments for 1) scope 1 and 2 emissions and 2) scope 3 category 11 emissions from use of sold products.,2021-03-31 01:00:00
FTV,Fortive,sustainability_report,https://fortive.com/sites/default/files/2025-04/2024-Fortive-Sustainability-Report-Appendix.pdf,,,,,,,new,no_fields_extracted,False,,,,,,,,,
FCX,Freeport-McMoRan,cdp_pdf,https://fcx.com/sites/fcx/files/documents/sustainability/2024_cdp_response.pdf,5139523.0,2831755.0,2624651.0,12/31/2018,4964720.0,22855000000.0,new,,True,Commitment removed,,,,,,,,2022-04-14 01:00:00
FTNT,Fortinet,none,,,,,,,,,no_public_report_found,True,Targets set,1.5°C,2030.0,,,Commitment removed,,"Fortinet commits to reduce absolute scope 1 and 2 GHG emissions 58.80% by 2030 from a 2021 base year. Fortinet also commits that 69.24% of its customers by revenue covering use of sold products, will have science-based targets by 2029. Fortinet further commits that 60.50% of its suppliers by spend covering purchased goods and services and upstream transportation and distribution, will have science-based targets by 2029.",2025-01-16 01:00:00
FOXA,Fox Corporation (Class A),none,,,,,,,,,no_public_report_found,False,,,,,,,,,
FOX,Fox Corporation (Class B),none,,,,,,,,,no_public_report_found,False,,,,,,,,,
BEN,Franklin Resources,none,,,,,,,,,no_public_report_found,False,,,,,,,,,
GRMN,Garmin,none,,,,,,,,,no_public_report_found,False,,,,,,,,,
IT,Gartner,none,,,,,,,,,no_public_report_found,True,Targets set,1.5°C,2029.0,,,,,"Gartner Inc. commits to reduce absolute scope 1 and 2 GHG emissions 53% by 2029 from a 2019 base year. Gartner Inc. also commits to reduce scope 3 GHG emissions from business travel and employee commuting 52% per FTE within the same timeframe. Gartner Inc. further commits that 50% of suppliers by spend covering purchased goods and services and capital goods, will set science-based targets by 2027.",2024-01-04 01:00:00
GE,GE Aerospace,sustainability_report,https://www.geaerospace.com/sites/default/files/2026-sustainability-report.pdf,,,,,,,False,no_fields_extracted,False,,,,,,,,,
GEHC,GE HealthCare,sustainability_report,https://www.gehealthcare.com/-/jssmedia/gehc/us/files/about-us/sustainability/reports/ge-healthcare-sustainability-report-2024.pdf,,,,,,,,download_error: 502 Server Error: Bad Gateway for url: https://www.gehealthcare.com/-/jssmedia/gehc/us/files/about-us/sustainability/reports/ge-healthcare-sustainability-report-2024.pdf,True,Targets set,1.5°C,2030.0,Targets set,2050.0,Targets set,2050.0,"Overall Net-Zero Target: GE Healthcare  commits to reach net-zero greenhouse gas emissions across the value chain by 2050. Near-Term Targets: GE Healthcare commits to reduce absolute scope 1 and 2 GHG emissions 42% by 2030 from a 2022 base year*. GE Healthcare also commits to reduce absolute scope 3 GHG emissions from purchased goods and services, upstream transportation and distribution, business travel and use of sold products 25% by 2030 from a 2022 base year. 
*The target boundary includes land-related emissions and removals from bioenergy feedstocks. Long-Term Targets: GE HealthCare commits to reduce absolute scope 1, 2 and 3 GHG emissions 90% by 2050 from a 2022 base year*.
*The target boundary includes land-related emissions and removals from bioenergy feedstocks.",2024-06-27 01:00:00
GEV,GE Vernova,sustainability_report,https://www.gevernova.com/sustainability/documents/Sustainability/GE_Vernova_Sustainability_Appendices_2023.pdf,,,,,,,False,no_fields_extracted,False,,,,,,,,,
GEN,Gen Digital,none,,,,,,,,,no_public_report_found,False,,,,,,,,,
GNRC,Generac,sustainability_report,https://www.generac.com/globalassets/footer/about/sustainability/generac_sustainability_report_2024.pdf,,,,,,,False,no_fields_extracted,False,,,,,,,,,
GD,General Dynamics,cdp_pdf,https://www.gd.com/-/media/gd-corporate/pdf/general-dynamics-corporation-cdp-climate-questionnaire-2024.ashx,323044.0,408322.0,390830.0,,,42272000000.0,new,,False,,,,,,,,,
GIS,General Mills,epa_ghgrp,,70689.0,,,,,,,"EPA GHGRP 2023 Direct Emitters, parent 'GENERAL MILLS INC' (2 facilities). CDP PDF links both 404'd; used EPA instead of a 3rd search. Scope 1 only.",True,Targets set,1.5°C,FY2030,Targets set,FY2050,Targets set,FY2050,"Overall Net-Zero Target: General Mills Inc. commits to reach net-zero greenhouse gas emissions across the value chain by FY2050. Near-Term Targets: General Mills commits to reduce absolute scope 1, 2, and scope 3 GHG emissions from purchased goods and services, fuel and energy-related activities, upstream transportation and distribution, waste generated in operations, business travel, and end of life treatement of sold products 30% by FY2030 from a FY2020 base year.* Within that target, General Mills commits to reduce absolute scope 1 and 2 GHG emissions 42% by FY2030 from a FY2020 base year.*
*The target boundary includes land-related emissions and removals from bioenergy feedstocks. Long-Term Targets: General Mills commits to reduce absolute scope 1 and 2 GHG emissions 90% by FY2050 from a FY2020 base year.* General Mills also commits to reduce absolute scope 3 GHG emissions from purchased goods and services, fuel and energy-related activities, upstream transportation and distribution, waste generated in operations, business travel, downstream transportation and distribution and end of life treatement of sold products 90% within the same timeframe.
*The target boundary includes land-related emissions and removals from bioenergy feedstocks.",2024-09-26 01:00:00
GM,General Motors,epa_ghgrp,,572171.0,,,,,,,"EPA GHGRP 2023 Direct Emitters, parent 'GENERAL MOTORS CO' (14 facilities). CDP PDF download timed out; used EPA instead of retrying. Scope 1 only.",True,Targets set,1.5°C/Well-below 2°C,2035.0,,,Commitment removed,,General Motors commits to reduce absolute scope 1 and 2 GHG emissions 72% by 2035 from a 2018 base year*. General Motors Company commits to reduce scope 3 GHG emissions from use of sold products of light duty vehicles 51% per vehicle kilometer by 2035 from a 2018 base year. *The target boundary includes biogenic emissions and removals from bioenergy feedstocks. Auto manufacturers have two near-term target temperature alignments for 1) scope 1 and 2 emissions and 2) scope 3 category 11 emissions from use of sold products.,2021-05-20 01:00:00
GPC,Genuine Parts Company,sustainability_report,https://filecache.investorroom.com/mr5ir_genuineparts/933/GPC_2024_Sustainability_Report.pdf,,,,,,,False,no_fields_extracted,False,,,,,,,,,
GILD,Gilead Sciences,sustainability_report,https://www.gilead.com/-/media/files/pdfs/sustainability/gilead-ghg-verification-opinion.pdf,,,,,,,False,no_fields_extracted,True,Targets set,1.5°C,2030.0,,,,,Gilead Sciences commits to reduce absolute scope 1 and 2 GHG emissions 46% by 2030 from a 2019 base year. Gilead Sciences also commits to reduce absolute scope 3 GHG emissions 15% over the same timeframe.,2021-05-27 01:00:00
GPN,Global Payments,cdp_pdf,https://d1io3yog0oux5.cloudfront.net/_0d854eca4ea219e95cc214cf58b4dd86/globalpayments/db/2316/21180/file/2023+CDP+Response.pdf,1159.0,50164.0,50354.0,,,,old,,False,,,,,,,,,
GL,Globe Life,none,,,,,,,,,no_public_report_found,False,,,,,,,,,
GDDY,GoDaddy,sustainability_report,https://s23.q4cdn.com/406380394/files/doc_downloads/2024/2024_GoDaddy_Sustainability_Report.pdf,,,,,,,False,no_fields_extracted,False,,,,,,,,,
GS,Goldman Sachs,epa_ghgrp,,52140.0,,,,,,,"EPA GHGRP 2023 Direct Emitters, parent 'THE GOLDMAN SACHS GROUP INC' (1 facility). CDP search found no direct hit; used EPA to save budget. Scope 1 only.",False,,,,,,,,,
HAL,Halliburton,epa_ghgrp,,53415.0,,,,,,,"EPA GHGRP 2023 Direct Emitters, parent 'HALLIBURTON CO' (2 facilities). CDP search inconclusive; used EPA to save budget. Scope 1 only.",False,,,,,,,,,
HIG,Hartford (The),cdp_pdf,https://assets.thehartford.com/image/upload/cdp_project_submission.pdf,5981.0,10884.0,116.0,,,26535000000.0,new,,False,,,,,,,,,
HAS,Hasbro,cdp_pdf,https://assets-us-01.kc-usercontent.com/500e0a65-283d-00ef-33b2-7f1f20488fe2/09948c70-9922-44ff-86fd-5347430a8abe/Hasbro%20CDP%202020.pdf,5963.0,6901.32,47.44,,,,old,,True,Targets set,1.5°C,2030.0,Targets set,2050.0,Targets set,2050.0,"Overall Net-Zero Target
Hasbro commits to reach net-zero greenhouse gas emissions across the value chain by 2050 from a 2020 base year.
Near-Term Targets
Hasbro commits to reduce absolute scope 1 and 2 GHG emissions 47.5% by 2030 from a 2020 base year. Hasbro also commits to reduce absolute scope 3 GHG emissions 42% within the same timeframe.
Long-Term Targets
Hasbro commits to reduce absolute scope 1, 2, and 3 GHG emissions 90% by 2050 from a 2020 base year.",2023-07-20 01:00:00
HCA,HCA Healthcare,sustainability_report,https://s23.q4cdn.com/949900249/files/doc_downloads/2022/10/Annual-Sustainability-Report-Final-2021-data-accessible.pdf,,,,,,,False,no_fields_extracted,False,,,,,,,,,
DOC,Healthpeak Properties,cdp_pdf,https://healthpeak.com/wp-content/uploads/2025/07/2024-CDP-Climate-Change-Questionnaire-2023-Reporting-Year.pdf,52564.0,197334.0,170778.0,,,,new,,True,Targets set,Well-below 2°C,2033.0,,,,,"Real estate investment trust Healthpeak Properties, Inc. commits to reduce absolute scope 1 and 2 GHG emissions 38% by 2033 from a 2018 base year. HCP also commits to reduce absolute scope 3 GHG emissions 19% by 2033 from a 2018 base year",2019-12-12 01:00:00
HSIC,Henry Schein,sustainability_report,https://www.henryschein.com/us-en/images/corporate/2021ESGReportIndex.pdf,,,,,,,False,no_fields_extracted,True,Targets set,1.5°C,2030.0,Targets set,2050.0,Targets set,2050.0,"Overall Net-Zero Target: Henry Schein, Inc. commits to reach net-zero greenhouse gas emissions across the value chain by 2050. Near-Term Targets: Henry Schein, Inc. commits to reduce absolute scope 1 GHG emissions 42% by 2030 from 2022 base year. Henry Schein, Inc. also commits to increase active annual sourcing of renewable electricity from 0% in 2022 to 100% by 2030. Henry Schein Inc. further commits to reduce scope 3 GHG emissions 51.6% per million USD value added by 2030 from a 2022 base year. Long-Term Targets: Henry Schein, Inc. commits to reduce absolute scope 1 GHG emissions 90% by 2050 from a 2022 base year. Henry Schein, Inc. also commits to continue active annual sourcing of 100% renewable electricity through 2030. Henry Schein, Inc. further commits to reduce scope 3 GHG emissions 97% per million USD value added by 2050 from a 2022 base year.",2025-01-16 01:00:00
HSY,Hershey Company (The),sustainability_report,https://www.thehersheycompany.com/content/dam/hershey-corporate/documents/pdf/hershey-2024-consolidated-index-gri-ungprf-report.pdf,,,,,,,False,no_fields_extracted,False,,,,,,,,,
HPE,Hewlett Packard Enterprise,none,,,,,,,,,no_public_report_found,True,Targets set,1.5°C,FY2030,Targets set,FY2040,Targets set,FY2040,Overall Net-Zero Target Hewlett Packard Enterprise commits to reach net-zero greenhouse gas emissions across the value chain by FY2040 from a FY2020 base year. Near-Term Targets Hewlett Packard Enterprise commits to reduce absolute scope 1 and 2 GHG emissions 70% by FY2030 from a FY2020 base year. Hewlett Packard Enterprise also commits to reduce absolute scope 3 GHG emissions 42% within the same timeframe. Long-Term Targets Hewlett Packard Enterprise commits to reduce absolute scope 1 and 2 emissions 90% by FY2040 from a FY2020 base year. Hewlett Packard Enterprise also commits to reduce absolute scope 3 emissions 90% within the same time frame.,2022-07-21 01:00:00
HLT,Hilton Worldwide,cdp_pdf,https://travelwithpurpose.hilton.com/wp-content/uploads/sites/4/2026/05/Hilton-Worldwide-Inc.-25-11-2025-CORPORATE-15-26.pdf,442406.0,2135416.0,2061608.0,12/31/2019,476036.0,11174000000.0,new,,False,,,,,,,,,
HONA,Honeywell Aerospace,none,,,,,,,,,no_public_report_found,False,,,,,,,,,
HRL,Hormel Foods,cdp_pdf,https://www.hormelfoods.com/wp-content/uploads/2025_CDP-Corporate-Questionnaire-2025.pdf,527671.0,395278.0,27987.0,,,11920797.0,new,,True,Targets set,1.5°C,2030.0,,,,,Hormel Foods Corporation commits to reduce absolute scope 1 and 2 GHG emissions 50% by 2030 from a 2019 base year. Hormel Foods Corporation also commits to reduce absolute scope 3 GHG emissions 27.5% within the same timeframe.,2023-10-19 01:00:00
HST,Host Hotels & Resorts,sustainability_report,https://www.hosthotels.com/-/media/HostHotels/Files/DownloadLinksAssets/CR-Highlights/Host_Hotels_Resorts_Inc_2026_Corporate_Responsibility_Report.pdf,,,,,,,False,no_fields_extracted,True,Targets set,1.5°C,2030.0,,,,,"Near-Term Targets: Host Hotels & Resorts, Inc. commits to reduce absolute scope 1 and 2 GHG emissions 54% by 2030 from a 2019 base year.",2025-09-04 01:00:00
HWM,Howmet Aerospace,epa_ghgrp,,124138.0,,,,,,,"EPA GHGRP 2023 Direct Emitters, parent 'HOWMET AEROSPACE INC' (3 facilities). CDP search inconclusive; used EPA to save budget. Scope 1 only.",False,,,,,,,,,
HPQ,HP Inc.,cdp_pdf,https://h20195.www2.hp.com/v2/GetDocument.aspx?docname=c09119803,,,,,,,,"download_error: HTTPSConnectionPool(host='h20195.www2.hp.com', port=443): Max retries exceeded with url: /v2/GetDocument.aspx?docname=c09119803 (Caused by SSLError(SSLCertVerificationError(1, '[SSL: CERTIFICATE_VERIFY_FAILED] certificate verify failed: unable to get local issuer certificate (_ssl.c:1000)')))",True,Targets set,1.5°C,FY2030,Targets set,FY2040,Targets set,FY2040,"Overall Net-Zero Target: HP Inc. commits to reach net-zero greenhouse gas emissions across the value chain by FY2040. Near-Term Targets: HP Inc. commits to reduce absolute scope 1, 2 and 3 GHG emissions 50% by FY2030 from a FY2019 base year. Long-Term Targets: HP Inc. commits to reduce absolute scope 1, 2 and 3 GHG emissions 90% by FY2040 from a FY2019 base year.",2024-12-12 01:00:00
HUBB,Hubbell Incorporated,cdp_pdf,https://hubbellcdn.com/ohwassets/Hubbell/ESG/Documents/Hubbell-2025-CDP-Climate-Change-Disclosures.pdf,38382.46,87746.25,88293.86,12/31/2022,50740.11,5628500000.0,new,,False,,,,,,,,,
HUM,Humana,sustainability_report,https://assets.humana.com/is/content/humana/2025_Humana_Impact_Report_Appendixpdf,41913.0,56377.0,54678.0,,,,False,,True,Targets set,1.5°C,2029.0,,,,,"Headline target: Humana Inc.'s portfolio targets cover 30% of its total investment and lending by
assets under management as of 2022. As of that year, required activities made up 30% of Humana Inc.’s total investment and lending by assets under management while optional activities made up 6% and out of scope activities made up 64%.
https://files.sciencebasedtargets.org/production/files/Target-language-and-summary_Humana-Inc.pdf",2025-06-05 01:00:00
HBAN,Huntington Bancshares,sustainability_report,http://carbonaccountingfinancials.com/files/institutions_downloads/2024HuntingtonClimateReport-121025.pdf,,,,,,,False,no_fields_extracted,False,,,,,,,,,
HII,Huntington Ingalls Industries,epa_ghgrp,,49707.0,,,,,,,"EPA GHGRP 2023 Direct Emitters, parent 'HUNTINGTON INGALLS INDUSTRIES INC' (1 facility). CDP search inconclusive; used EPA. Scope 1 only.",False,,,,,,,,,
IBM,IBM,none,,,,,,,,,no_public_report_found,False,,,,,,,,,
IEX,IDEX Corporation,sustainability_report,https://www.idexcorp.com/wp-content/uploads/2024/03/IDEX-Corporation-2024-Sustainability-Disclosures-FINAL-3.21.24.pdf,,,,,,,False,no_fields_extracted,False,,,,,,,,,
IDXX,Idexx Laboratories,sustainability_report,https://www.idexx.com/files/idexx-corporate-responsibility-report-2023.pdf,,,,,,,False,no_fields_extracted,False,,,,,,,,,
ITW,Illinois Tool Works,epa_ghgrp,,35816.0,,,,,,,"EPA GHGRP 2023 Direct Emitters, parent 'ILLINOIS TOOL WORKS INC' (1 facility). CDP search inconclusive; used EPA. Scope 1 only.",False,,,,,,,,,
INCY,Incyte,sustainability_report,https://cdn.incyte.com/Assets/INCY25_Global-Responsibility-Report_FINAL_ADA.pdf,,,,,,,False,no_fields_extracted,False,,,,,,,,,
IR,Ingersoll Rand,none,,,,,,,,,no_public_report_found,True,Targets set,1.5°C,2034.0,Targets set,2050.0,Targets set,2050.0,Overall Net-Zero Target: Ingersoll Rand Inc. commits to reach net-zero greenhouse gas emissions across the value chain by 2050. Near-Term Targets: Ingersoll Rand Inc. commits to reduce absolute scope 1 and 2 GHG emissions 42% by 2030 from a 2020 base year. Ingersoll Rand Inc. also commits to reduce scope 3 GHG emissions from use of sold products 63.8% per USD value added by 2034 from a 2020 base year.  Long-Term Targets: Ingersoll Rand Inc. commits to reduce absolute scope 1 and 2 GHG emissions 90% by 2050 from a 2020 base year. Ingersoll Rand Inc. also commits to reduce scope 3 GHG emissions from use of sold products 97% per USD value added within the same timeframe. ,2024-12-12 01:00:00
PODD,Insulet Corporation,sustainability_report,https://www.insulet.com/sites/insulet/files/2026-05/Insulet-2025-Sustainability-Report.pdf,,,,,,,False,no_fields_extracted,False,,,,,,,,,
INTC,Intel,epa_ghgrp,,790768.0,,,,,,,"EPA GHGRP 2023 Direct Emitters, parent 'INTEL CORP' (4 facilities). CDP search inconclusive; used EPA. Scope 1 only.",False,,,,,,,,,
IBKR,Interactive Brokers,none,,,,,,,,,no_public_report_found,False,,,,,,,,,
ICE,Intercontinental Exchange,sustainability_report,https://www.ice.com/publicdocs/2023_Sustainability_Report.pdf,,,,,,,False,no_fields_extracted,False,,,,,,,,,
IFF,International Flavors & Fragrances,epa_ghgrp,,307088.216,,,,,,,"EPA GHGRP 2023 Direct Emitters, parent 'INTERNATIONAL FLAVORS & FRAGRANCES INC' (7 facilities). CDP search inconclusive; used EPA. Scope 1 only.",True,Targets set,1.5°C,2030.0,,,,,"International Flavors & Fragrances, Inc. commits to reduce absolute scope 1 and 2 GHG emissions 50% by 2030 from a 2021 base year.
International Flavors & Fragrances, Inc., also commits to reduce absolute scope 3 GHG emissions from purchased goods and services, fuel and energy related activities, upstream transportation and distribution, waste generated in operations, and processing of sold products 30% within the same timeframe.",2023-08-03 01:00:00
IP,International Paper,epa_ghgrp,,5404387.698,,,,,,,"EPA GHGRP 2023 Direct Emitters, parent 'INTERNATIONAL PAPER CO' (28 facilities). CDP search inconclusive; used EPA. Scope 1 only.",True,Targets set,Well-below 2°C,2030.0,,,,,"International Paper commits to reduce absolute scope 1, 2 and 3 GHG emissions 35% by 2030 from a 2019 base year. Within this target, International Paper commits to reduce absolute scope 1 and 2 GHG emissions 32.8%, * and to reduce absolute scope 3 GHG emissions 35.7% by 2030 from a 2019 base year. *The target boundary includes bioenergy emissions and removals from bioenergy feedstocks.",2021-11-11 01:00:00
INTU,Intuit,cdp_pdf,https://digitalasset.intuit.com/render/content/dam/intuit/ic/en_us/content/2025-CDP-Climate-Change-Response.pdf,4340.0,15874.0,0.0,07/31/2022,4680.0,16285000000.0,new,,True,Targets set,1.5°C,FY2030,Targets set,FY2040,Targets set,FY2040,Overall Net Zero target Intuit Inc. commits to reach net-zero greenhouse gas emissions across the value chain by FY2040. Near-Term Targets Intuit Inc. commits to reduce absolute scope 1 and 2 GHG emissions 42% by FY2030 from a FY2022 base year. Intuit Inc also commits that 80% of its suppliers by emissions covering purchased goods and services will have science-based targets by FY2027. Long-Term Targets Intuit Inc. commits to reduce absolute scope 1 and 2 GHG emissions 90% by FY2040 from a FY2022 base year. Intuit Inc also commits to reduce scope 3 GHG emissions 97% per million USD value added within the same timeframe.,2023-07-13 01:00:00
ISRG,Intuitive Surgical,cdp_pdf,https://www.intuitive.com/en-us/-/media/ISI/Intuitive/Pdf/Intuitive-Surgical-Inc-CDP-Corporate-Questionnaire-2025.pdf,7409.0,18578.0,18578.0,12/31/2021,7409.0,8352100000.0,new,,False,,,,,,,,,
IVZ,Invesco,sustainability_report,https://www.invesco.com/content/dam/invesco/crr/en/pdfs/invesco-2022-corporate-responsibility-report.pdf,,,,,,,,download_error: 406 Client Error: Not Acceptable for url: https://www.invesco.com/content/dam/invesco/crr/en/pdfs/invesco-2022-corporate-responsibility-report.pdf,False,,,,,,,,,
INVH,Invitation Homes,none,,,,,,,,,no_public_report_found,False,,,,,,,,,
IQV,IQVIA,sustainability_report,https://www.iqvia.com/-/media/iqvia/pdfs/about-us/esg/iqvia_-2024_ghg-emissions-assurance.pdf,,,,,,,False,no_fields_extracted,True,Targets set,1.5°C,2030.0,Targets set,2050.0,Targets set,2050.0,"Overall Net-Zero Target
IQVIA commits to reach net-zero greenhouse gas emissions across the value chain by
2050.
Near-Term Targets
IQVIA commits to reduce absolute scope 1 and 2 GHG emissions 55.1% by 2030 from a
2019 base year.* IQVIA also commits to reduce absolute scope 3 GHG emissions from
business travel 55% per FTE within the same timeframe. IQVIA further commits that 70%
of its suppliers by emissions, covering purchased goods and services, capital goods, and
upstream transport and distribution, will have science-based targets by 2027.
*The target boundary includes biogenic land-related emissions and removals from bioenergy feedstocks.
Long-Term Targets
IQVIA commits to reduce absolute scope 1,2 and 3 GHG emissions 90% by 2050 from a 2019 base year.*
*The target boundary includes biogenic land-related emissions and removals from bioenergy feedstocks.",2023-11-23 01:00:00
IRM,Iron Mountain,sustainability_report,https://s204.q4cdn.com/148941814/files/doc_downloads/sustan/2023-corporate-responsibility-report.pdf,,,,,,,False,no_fields_extracted,True,Targets set,1.5°C,2033.0,Targets set,2040.0,Targets set,2040.0,"Overall Net-Zero Target: Iron Mountain Incorporated commits to reach net-zero greenhouse gas emissions across the value chain by 2040. Near-Term Targets: Iron Mountain Incorporated commits to reduce absolute scope 1 and 2 GHG emissions 54.6% by 2033 from a 2022 base year.* Iron Mountain Incorporated commits that 84.2% of its suppliers by emissions covering purchased goods and services, capital goods, business travel, upstream transportation and distribution, will have science-based targets by 2028.* *The target boundary includes land-related emissions and removals from bioenergy feedstocks. Long-Term Targets: Iron Mountain Incorporated commits to reduce absolute scope 1 and 2 GHG emissions by 90% by 2040 from a 2022 base year.* Iron Mountain Incorporated also commits to reduce absolute scope 3 GHG emissions by 90% within the same timeframe.* *The target boundary includes land-related emissions and removals from bioenergy feedstocks.",2024-11-14 01:00:00
JBHT,J.B. Hunt,sustainability_report,https://www.jbhunt.com/content/dam/jbhunt/company/esg/docs/2023-Sustainability-Data-Supplement.pdf,1739774.0,23095.0,,,,,,"Manually verified from p.14 data table (2023 column, confirmed by header order 2023/2022/2021); parser missed it because the label carries an attached footnote digit (""Direct (Scope 1)5"") and this report uses current-year-first ordering, opposite of other companies seen -- not safely generalizable without risking wrong-year picks elsewhere, left as manual entry.",False,,,,,,,,,
JBL,Jabil,sustainability_report,https://jabil.com/dam/jcr:33d1968c-f744-413b-a5d7-717f3235da03/Jabil_FY25%20Sustainability%20Fact%20Sheet.pdf,,,,,,,False,no_fields_extracted,True,Commitment removed,,,,,Commitment removed,,,2022-10-20 01:00:00
JKHY,Jack Henry & Associates,none,,,,,,,,,no_public_report_found,False,,,,,,,,,
J,Jacobs Solutions,sustainability_report,https://s205.q4cdn.com/384284279/files/doc_downloads/Annual-ESG-Disclosures/fy23-esg-disclosures-update_final.pdf,,,,,,,False,no_fields_extracted,False,,,,,,,,,
JNJ,Johnson & Johnson,cdp_pdf,https://healthforhumanityreport.jnj.com/2024/_assets/downloads/jnj-2024-cdp-climate-change.pdf,,,,,,,,not_a_pdf,True,Targets set,1.5°C,2030.0,,,Commitment removed,,"Johnson & Johnson commits to reduce absolute scope 1 and 2 GHG emissions
44% by 2030 from a 2021 base year.* Johnson & Johnson also commits that 80%
of its suppliers by emissions covering purchased goods and services and
upstream transportation and distribution, will have science-based targets by 2028.
* The target boundary includes biogenic land-related emissions and removals from
bioenergy feedstocks.",2024-04-04 01:00:00
JCI,Johnson Controls,cdp_pdf,https://www.johnsoncontrols.com/-/media/project/jci-global/johnson-controls/us-region/united-states-johnson-controls/corporate-sustainability/reporting-and-policies/2025/johnson-controls-international-plc-2024-cdp-disclosure.pdf,451311.0,212918.0,300725.0,09/30/2017,682761.0,26793000000.0,new,,True,Targets set,1.5°C,2030.0,,,,,Johnson Controls International plc commits to reduce absolute scope 1 and 2 GHG emissions 55% by 2030 from a 2017 base year*. Johnson Controls International plc also commits to reduce absolute scope 3 GHG emissions from the use of sold products 16% by 2030 from a 2017 base year. *The target boundary includes biogenic emissions and removals from bioenergy feedstocks,2021-03-25 01:00:00
JPM,JPMorgan Chase,sustainability_report,https://www.jpmorganchase.com/content/dam/jpmorganchase/documents/2024-operational-ghg-emissions-and-electric-power-use.pdf,100024.0,773852.0,6806.0,,,,,"Manually verified: Scope1 100,024 + Scope2(market) 6,806 = 106,830, matches document own combined Scope1+2(market) total exactly. Parser missed it due to mixed table layouts (unit-inline vs paired-year-no-unit) in the same doc, not safely generalizable.",False,,,,,,,,,
KVUE,Kenvue,cdp_pdf,https://www.kenvue.com/cdp-corporate-questionnaire-2025,73841.0,158307.0,136832.0,12/31/2020,73841.0,15455000000.0,new,,True,Targets set,1.5°C,2030.0,,,Commitment removed,,"Kenvue commits to reduce absolute scope 1 and 2 GHG emissions 42% by 2030 from a 2020 base year.*
Kenvue also commits that 75% of its suppliers by emissions covering purchased goods and services and upstream transportation and distribution, will have science-based targets by 2028.
(*The target boundary includes land-related emissions and removals from bioenergy feedstocks.)",2024-05-02 01:00:00
KDP,Keurig Dr Pepper,cdp_pdf,https://www.keurigdrpepper.com/wp-content/uploads/2025/06/2024-cdp-climate-submission-fy-2023-reporting.pdf,286787.0,174778.0,36721.0,,,14814000000.0,new,,True,Targets set,1.5°C,2030.0,,,,,"Energy & Industry:
Keurig Dr Pepper commits to reduce absolute scope 1 and 2 GHG emissions 50.4% by 2030
from a 2018 base year. Keurig Dr Pepper also commits to reduce absolute scope 3 GHG
emissions from purchased goods and services, fuel and energy related activities, upstream
transportation and distribution, and use of sold products 25% by 2030 from a 2022 base year.
FLAG:
Keurig Dr Pepper commits to reduce absolute scope 3 FLAG GHG emissions 30.3% by 2030
from a 2022 base year.* Keurig Dr Pepper also commits to no deforestation across its primary
deforestation-linked commodities, with a target date of December 31, 2025.
*The target includes FLAG emissions and removals.",2025-03-20 01:00:00
KEY,KeyCorp,sustainability_report,https://www.key.com/content/dam/kco/documents/about/esg-reports/2024-keycorp-cr-report-planet.pdf,,,,,,,,"download_error: HTTPSConnectionPool(host='www.key.com', port=443): Read timed out. (read timeout=30)",False,,,,,,,,,
KEYS,Keysight Technologies,sustainability_report,https://www.keysight.com/us/en/assets/3126-1338/corporate-reports/2025-Corporate-Social-Responsibility-Data-Report.pdf,,,,,,,False,no_fields_extracted,True,Targets set,1.5°C,FY2030,,,,,"Keysight Technologies commits to reduce absolute scope 1 and 2 GHG emissions
42% by FY2030 from a FY2021 base year. Keysight Technologies also commits
that 73% of its customers by emissions covering use of sold products, will have
science-based targets by FY2028.",2023-11-09 01:00:00
KMB,Kimberly-Clark,epa_ghgrp,,1030421.0,,,,,,,"EPA GHGRP 2023 Direct Emitters, parent 'KIMBERLY-CLARK CORP' (8 facilities). CDP search inconclusive; used EPA. Scope 1 only.",True,Targets set,Well-below 2°C,2030.0,,,,,Kimberly-Clark Corporation commits to reduce absolute scope 1 and 2 GHG emissions 50% by 2030 from a 2015 base year. Kimberly-Clark Corporation also commits to reduce absolute scope 3 GHG emissions from purchased goods and services and end of life treatment of sold products 20% by 2030 from a 2015 base year. *The target boundary includes biogenic emissions and removals from bioenergy feedstocks.,2020-06-25 01:00:00
KIM,Kimco Realty,sustainability_report,https://s1.q4cdn.com/944058265/files/doc_news/2024/Jun/06-27-24-kim-2023-cr-report.pdf,,,,,,,False,no_fields_extracted,True,Targets set,Well-below 2°C,2030.0,,,,,"This target was approved using a streamlined target validation route exclusive to small and medium-sized enterprises (SMEs). https://sciencebasedtargets.org/faqs-for-smes/
Kimco Realty Corporation commits to reduce absolute scope 1 and scope 2 GHG emissions 30% by 2030 from a 2018 base year, and to measure and reduce its scope 3 emissions.",2021-02-25 01:00:00
KMI,Kinder Morgan,cdp_pdf,https://www.kindermorgan.com/WWWKM/media/Safety-Environmental/documents/2025-CDP-Climate-Response.pdf,15400000.0,3000000.0,3200000.0,,,15100000000.0,new,,False,,,,,,,,,
KKR,KKR & Co.,sustainability_report,https://www.kkr.com/content/dam/kkr/sustainability/pdf/2025-corporate-sustainability-disclosures.pdf,,,,,,,False,no_fields_extracted,False,,,,,,,,,
KLAC,KLA Corporation,cdp_pdf,https://www.kla.com/wp-content/uploads/KLA-2025-CDP-Report.pdf,4698.0,69057.0,43623.0,12/31/2021,4698.0,10846957000.0,new,,True,Targets set,1.5°C,2030.0,,,,,"KLA Corporation commits to reduce absolute scope 1 and 2 GHG emissions 50% by 2030 from a 2021 base year. KLA Corporation also commits to reduce scope 3 GHG emissions from use of sold products 52% per billion transistors inspected, measured, or processed within the same timeframe.",2024-08-15 01:00:00
KHC,Kraft Heinz,sustainability_report,https://www.kraftheinzcompany.com/sustainability/pdf/KraftHeinz-2024-ESG-Report.pdf,,,,,,,False,no_fields_extracted,True,Targets set,1.5°C,2030.0,Targets set,2050.0,Targets set,2050.0,"Overall net-zero target:
The Kraft Heinz Company commits to reach net-zero greenhouse gas emissions across the value chain by 2050.
Near-term targets:
Energy & Industry: The Kraft Heinz Company commits to reduce absolute scope 1 and 2 emissions 50% by 2030 from a 2021 base year.* The Kraft Heinz Company also commits to reduce absolute scope 3 GHG emissions 50% within the same timeframe.
*The target boundary includes land-related emissions and removals from bioenergy feedstocks.
FLAG: The Kraft Heinz Company commits to reduce absolute scope 3 FLAG GHG emissions 30.3% by 2030 from a 2021 base year.* The Kraft Heinz Company also commits to no deforestation across its primary deforestation-linked commodities, with a target date of December 31, 2025.
*The target includes FLAG emissions and removals.
Long-term targets:
Energy & Industry: The Kraft Heinz Company commits to reduce absolute scope 1, 2 and 3 GHG emissions 90% by 2050 from a 2021 base year.*
*The target boundary includes land-related emissions and removals from bioenergy feedstocks.
FLAG: The Kraft Heinz Company commits to reduce absolute scope 3 FLAG GHG emissions 72% by 2050 from a 2021 base year.*
*The target includes FLAG emissions and removals.",2025-05-15 01:00:00
KR,Kroger,sustainability_report,https://www.thekrogerco.com/wp-content/uploads/2025/10/Kroger-Co-2025-Summary-Performance-Tables.pdf,,,,,,,False,no_fields_extracted,True,Commitment removed,,,,,,,,2022-06-30 01:00:00
LMT,Lockheed Martin,epa_ghgrp,,95794.13399999999,,,,,,,"EPA GHGRP 2023 Direct Emitters, matched via parent company 'LOCKHEED MARTIN CORP' (2 facilities). Scope 1 (direct/on-site) only -- GHGRP does not cover Scope 2.",False,,,,,,,,,
L,Loews Corporation,epa_ghgrp,,1937140.4660000002,,,,,,,"EPA GHGRP 2023 Direct Emitters, matched via parent company 'LOEWS CORP' (41 facilities). Scope 1 (direct/on-site) only -- GHGRP does not cover Scope 2.",False,,,,,,,,,
MPC,Marathon Petroleum,epa_ghgrp,,28964593.374,,,,,,,"EPA GHGRP 2023 Direct Emitters, matched via parent company 'MARATHON PETROLEUM CORP' (26 facilities). Scope 1 (direct/on-site) only -- GHGRP does not cover Scope 2.",False,,,,,,,,,
MLM,Martin Marietta Materials,epa_ghgrp,,3999044.162,,,,,,,"EPA GHGRP 2023 Direct Emitters, matched via parent company 'MARTIN MARIETTA MATERIALS INC' (4 facilities). Scope 1 (direct/on-site) only -- GHGRP does not cover Scope 2.",True,Targets set,1.5°C,2035.0,,,,,"Near-Term Targets:
Martin Marietta Materials, Inc. commits to reduce absolute scope 1 and 2 GHG emissions 63.0% by 2035 from a 2023 base year.* Martin Marietta Materials, Inc. also commits to reduce absolute scope 3 GHG emissions from purchased goods and services, fuel- and energy-related activities and upstream transportation and distribution 37.5% within the same timeframe.

*The target boundary includes land-related emissions and removals from biogenic feedstocks.",2026-03-12 01:00:00
LHX,L3Harris,cdp_pdf,https://www.l3harris.com/sites/default/files/2025-04/2024-CDP-Corporate-Questionnaire_0.pdf,49788.0,180668.0,93061.0,12/31/2019,109574.0,19400000.0,new,,False,,,,,,,,,
LH,Labcorp,sustainability_report,https://www.labcorp.com/content/dam/labcorp/files/about/2001700-0326-1_BRO_Corporate%20responsibility%20report%202025_FINAL.pdf,,,,,,,False,no_fields_extracted,True,Targets set,1.5°C,2030.0,,,,,"Labcorp commits to reduce absolute scope 1 and 2 GHG emissions 42% by 2030 from a 2020 base year. Labcorp also commits to reduce absolute scope 3 GHG emissions from purchased goods and services, upstream transportation and distribution and downstream transportation and distribution 25% within the same timeframe.",2023-08-24 01:00:00
LRCX,Lam Research,sustainability_report,https://www.lamresearch.com/wp-content/uploads/2025/07/Lam-Research-2024-Impact-Frameworks.pdf,91681.0,128580.0,50832.0,,,,new,,True,Targets set,1.5°C,2034.0,,,,,Near-Term Targets: Lam Research Corporation commits to reduce absolute scope 1 and 2 GHG emissions 46.2% by 2030 from a 2019 base year. Lam Research Corporation also commits to reduce scope 3 GHG emissions from use of sold products 63.8% per USD value added by 2034 from a 2022 base year.,2025-06-05 01:00:00
LVS,Las Vegas Sands,sustainability_report,https://www.sands.com/content/uploads/2026/04/Sands-2025-ESG-Report.pdf,,,,,,,new,no_fields_extracted,True,Targets set,1.5°C,2030.0,,,,,"Near-Term Targets: Las Vegas Sands Corp commits to reduce absolute scope 1 and 2 GHG emissions 60.2% by 2030 from a 2018 base year. Las Vegas Sands Corp also commits that 72.85% of its suppliers by emissions, covering purchased goods and services and capital goods, will have science-based targets by 2030.",2025-07-24 01:00:00
LDOS,Leidos,cdp_pdf,https://www.leidos.com/sites/leidos/files/2022-12/Leidos-CDP-Climate-Change-Questionnaire.pdf,37243.0,86657.0,83937.0,,,,old,,False,,,,,,,,,
LEN,Lennar,none,,,,,,,,,no_public_report_found,False,,,,,,,,,
LII,Lennox International,sustainability_report,https://www.lennox.com/dA/eeb983e368/fileAsset/2023%20Lennox%20Sustainability%20Report.pdf,,,,,,,False,no_fields_extracted,True,Targets set,Well-below 2°C,2034.0,,,,,Lennox International Inc. commits to reduce absolute scope 1 and 2 GHG emissions 37.5% by 2034 from a 2019 base year. Lennox International Inc. also commits to reduce scope 3 GHG emissions 30% per product sold by 2034 from a 2019 base year,2022-01-06 01:00:00
LLY,Lilly (Eli),cdp_pdf,https://assets.ctfassets.net/1o78rkhl3da6/73jxNnAGnflGGc1Uw0Nnk5/a4b09421604d9296b0cc8d83c1f452b9/Lilly_CDP_Climate_Change_Questionnaire_2023.pdf,171000.0,415000.0,374000.0,,,,old,,False,,,,,,,,,
LYV,Live Nation Entertainment,none,,,,,,,,,no_public_report_found,False,,,,,,,,,
LOW,Lowe's,cdp_pdf,https://corporate.lowes.com/sites/lowes-corp/files/2025-05/Lowe's%202024%20CDP%20Submission.pdf,413268.0,867575.0,784972.0,,,86377000000.0,new,,False,,,,,,,,,
LULU,Lululemon Athletica,cdp_pdf,https://corporate.lululemon.com/~/media/Files/L/Lululemon/our-impact/reporting-and-disclosure/lululemon-cdp-cc-2023.pdf,3164.0,24923.0,27.0,,,,old,,False,,,,,,,,,
LITE,Lumentum,cdp_pdf,https://www.lumentum.com/sites/default/files/2026-01/cdp-2025-corporate-questionnaire.pdf,8683.0,67523.0,30598.0,,,1358100000.0,new,,True,Targets set,1.5°C,FY2030,Targets set,FY2050,Targets set,FY2050,Overall Net-Zero Target: Lumentum commits to reach net-zero greenhouse gas emissions across the value chain by 2050. Near-Term Targets: Lumentum commits to reduce absolute scope 1 and 2 GHG emissions 90% by FY2030 from a FY2022 base year. Lumentum also commits to reduce scope 3 GHG emissions from fuel- and energy-related activities and use of sold products 52% per data capacity delivered (Gbps) of sold cloud and networking products within the same timeframe. Lumentum further commits that 30% of its suppliers by emissions covering purchased goods and services will have science-based targets by FY2028. Lumentum finally commits that 25% of its customers by emissions covering use of sold products will have science-based targets by FY2028. Long-Term Targets: Lumentum commits to maintain a minimum of 90% absolute scope 1 and 2 GHG emissions from FY2030 through FY2050 from a FY2022 base year. Lumentum also commits to reduce absolute scope 3 GHG emissions 90% by FY2050 from a FY2022 base year.,2025-01-23 01:00:00
LYB,LyondellBasell,cdp_pdf,https://www.lyondellbasell.com/globalassets/lyb/sustainability/reporting/reports/report-docs/2025-cdp-corporate-questionnaire.pdf,15000000.0,7200000.0,7100000.0,12/31/2020,15600000.0,40302000000.0,new,,False,,,,,,,,,
MTB,M&T Bank,none,,,,,,,,,no_public_report_found,False,,,,,,,,,
MAR,Marriott International,cdp_pdf,http://serve360.marriott.com/wp-content/uploads/2026/03/marriott-2025-CDP-response.pdf,1273630.0,5370293.0,5364156.0,12/31/2019,1313062.0,25100000000.0,new,,True,Targets set,1.5°C,2030.0,Targets set,2050.0,Targets set,2050.0,"Overall Net-Zero Target: Marriott International, Inc. commits to reach net-zero greenhouse gas emissions across the value chain by 2050. Near-Term Targets: Marriott International commits to reduce absolute scope 1 and 2 GHG emissions 46.2% by 2030 from a 2019 base year.* Marriott International also commits to reduce absolute scope 3 GHG emissions from fuel and energy-related activities, waste generated in operations, employee commuting, and franchises 27.5% within the same timeframe.* Marriott International commits that 22% of its suppliers by emissions covering purchased goods and services, capital goods, and upstream transportation and distribution will have science-based targets by 2028.
*The target boundary includes land-related emissions and removals from bioenergy feedstocks. Long-Term Targets: Marriott International commits to reduce absolute scope 1 and 2 GHG emissions 90% by 2050 from a 2019 base year.* Marriott International commits to reduce absolute scope 3 GHG emissions 90% within the same timeframe.*
*The target boundary includes land-related emissions and removals from bioenergy feedstocks.",2024-04-25 01:00:00
MRSH,Marsh McLennan,sustainability_report,https://www.corporate.marsh.com/assets/v3/esg-report-2023/6014128-MM-Marsh-McLennan-ESG-report_V19.pdf,,,,,,,False,no_fields_extracted,True,Targets set,1.5°C,2030.0,Targets set,2050.0,Targets set,2050.0,"Overall Net-Zero Target: Marsh McLennan commits to reach net-zero greenhouse gas emissions across the value chain by 2050. Near-Term Targets: Marsh McLennan commits to reduce absolute scope 1 and 2 GHG emissions 50% by 2030 from a 2019 base year. Marsh McLennan also commits to reduce scope 3 GHG emissions from purchased goods and services, capital goods, and business travel 55% per million USD of operating profit within the same timeframe. Long-Term Targets: Marsh McLennan commits to reduce absolute scope 1 and 2 GHG emissions 90% by 2050 from a 2019 base year. Marsh McLennan also commits to reduce scope 3 GHG emissions from purchased goods and services, capital goods, upstream transportation and distribution, business travel, and employee commuting 97% per million USD of operating profit within the same timeframe.",2024-08-01 01:00:00
MRVL,Marvell Technology,cdp_pdf,https://www.marvell.com/content/dam/marvell/en/company/assets/marvell-2024-cdp-disclosure.pdf,4433.0,28721.0,22203.0,01/31/2022,4320.0,5507700000.0,new,,True,Targets set,1.5°C,FY2030,,,Commitment removed,,Marvell Technology Inc. commits to reduce absolute scope 1 and 2 GHG emissions by 50% by FY2030 from a FY2022 base year. Marvell Technology Inc. also commits to reduce scope 3 GHG emissions from use of sold products by 55% per petabyte per second within the same timeframe.,2024-03-14 01:00:00
MAS,Masco,sustainability_report,https://masco.com/wp-content/uploads/2025/07/Collateral_ESG_Report_2024.pdf,,,,,,,False,no_fields_extracted,False,,,,,,,,,
MA,Mastercard,sustainability_report,https://s25.q4cdn.com/479285134/files/doc_downloads/2026/07/Mastercard-2025-Impact-Report.pdf,,,,,,,False,no_fields_extracted,True,Targets set,1.5°C,2030.0,,,,,"Near-Term Targets:
Mastercard commits to reduce absolute scope 1, 2 and 3 GHG emissions 60.2% by 2030 from a 2016 base year. Within this target, Mastercard commits to reduce scope 1 and 2 GHG emissions 90.0% and scope 3 GHG emissions 59.0% within the same timeframe.",2026-09-10 01:00:00
MRK,Merck & Co.,epa_ghgrp,,365529.704,,,,,,,"EPA GHGRP 2023 Direct Emitters, matched via parent company 'MERCK & CO INC' (3 facilities). Scope 1 (direct/on-site) only -- GHGRP does not cover Scope 2.",False,,,,,,,,,
MGM,MGM Resorts,epa_ghgrp,,110103.336,,,,,,,"EPA GHGRP 2023 Direct Emitters, matched via parent company 'MGM RESORTS INTERNATIONAL' (1 facilities). Scope 1 (direct/on-site) only -- GHGRP does not cover Scope 2.",True,Targets set,1.5°C,2030.0,,,,,"MGM Resorts International commits to reduce absolute scope 1 and 2 GHG emissions 50% by 2030 from a 2019 base year. MGM also commits to reduce absolute scope 3 GHG emissions from purchased goods and services, fuel-and energy-related activities, waste generated in operations, and employee commuting 30% within the same timeframe.",2023-05-04 01:00:00
MCHP,Microchip Technology,epa_ghgrp,,472938.201976,,,,,,,"EPA GHGRP 2023 Direct Emitters, matched via parent company 'MICROCHIP TECHNOLOGY INC' (3 facilities). Scope 1 (direct/on-site) only -- GHGRP does not cover Scope 2.",False,,,,,,,,,
MU,Micron Technology,epa_ghgrp,,303884.3484487,,,,,,,"EPA GHGRP 2023 Direct Emitters, matched via parent company 'MICRON TECHNOLOGY INC' (2 facilities). Scope 1 (direct/on-site) only -- GHGRP does not cover Scope 2.",False,,,,,,,,,
TAP,Molson Coors Beverage Company,epa_ghgrp,,414577.044,,,,,,,"EPA GHGRP 2023 Direct Emitters, matched via parent company 'MOLSON COORS BEVERAGE CO' (6 facilities). Scope 1 (direct/on-site) only -- GHGRP does not cover Scope 2.",False,,,,,,,,,
NEM,Newmont,epa_ghgrp,,1474699.396,,,,,,,"EPA GHGRP 2023 Direct Emitters, matched via parent company 'NEWMONT CORP' (3 facilities). Scope 1 (direct/on-site) only -- GHGRP does not cover Scope 2.",True,Targets set,Well-below 2°C,2030.0,,,,,Newmont commits to reduce absolute scope 1 and 2 GHG emissions 32% by 2030 from a 2018 base year. Newmont also commits to reduce scope 1 and 2 GHG emissions 32% per Gold Equivalent Ounce (GEO) within the same timeframe. Newmont commits to reduce absolute scope 3 GHG emissions 30% by 2030 from a 2019 base year.,2022-10-27 01:00:00
NI,NiSource,epa_ghgrp,,4456754.266,,,,,,,"EPA GHGRP 2023 Direct Emitters, matched via parent company 'NISOURCE INC' (3 facilities). Scope 1 (direct/on-site) only -- GHGRP does not cover Scope 2.",False,,,,,,,,,
NOC,Northrop Grumman,epa_ghgrp,,110192.27799999999,,,,,,,"EPA GHGRP 2023 Direct Emitters, matched via parent company 'NORTHROP GRUMMAN CORP' (3 facilities). Scope 1 (direct/on-site) only -- GHGRP does not cover Scope 2.",False,,,,,,,,,
NRG,NRG Energy,epa_ghgrp,,22878264.123999998,,,,,,,"EPA GHGRP 2023 Direct Emitters, matched via parent company 'NRG ENERGY INC' (16 facilities). Scope 1 (direct/on-site) only -- GHGRP does not cover Scope 2.",True,Targets set,1.5°C,2025.0,,,Commitment removed,,"NRG Energy commits to reduce absolute scope 1, 2 and scope 3 business travel GHG emissions 50% by 2025 and 100% by 2050 from a 2014 base year.",2021-03-11 01:00:00
NUE,Nucor,epa_ghgrp,,5761770.626,,,,,,,"EPA GHGRP 2023 Direct Emitters, matched via parent company 'NUCOR CORP' (26 facilities). Scope 1 (direct/on-site) only -- GHGRP does not cover Scope 2.",False,,,,,,,,,
OXY,Occidental Petroleum,epa_ghgrp,,8112721.41,,,,,,,"EPA GHGRP 2023 Direct Emitters, matched via parent company 'OCCIDENTAL PETROLEUM CORP' (36 facilities). Scope 1 (direct/on-site) only -- GHGRP does not cover Scope 2.",False,,,,,,,,,
OKE,Oneok,epa_ghgrp,,3005177.0679999995,,,,,,,"EPA GHGRP 2023 Direct Emitters, matched via parent company 'ONEOK INC' (32 facilities). Scope 1 (direct/on-site) only -- GHGRP does not cover Scope 2.",False,,,,,,,,,
MKC,McCormick & Company,cdp_pdf,https://www.mccormickcorporation.com/responsibility/-/media/caa540e768264e89aa63d6e439e26a3f.ashx,36927.0,40487.0,41497.0,,,,old,,True,Targets set,1.5°C,FY2030,Targets set,FY2050,Targets set,FY2050,"Overall Net-Zero Target
McCormick & Company commits to reach net-zero greenhouse gas emissions across the
value chain by FY2050.
Near-Term Targets
McCormick & Company commits to reduce absolute scope 1 and 2 GHG emissions 42% by
FY2030 from a FY2020 base year. McCormick & Company also commits to reduce absolute
scope 3 GHG emissions from purchased goods and services 42% within the same timeframe.
Long-Term Targets
McCormick & Company commits to reduce absolute scope 1 and 2 GHG emissions 90% by
FY2050 from a FY2020 base year. McCormick & Company also commits to reduce absolute
scope 3 GHG emissions from purchased goods and services, capital goods, fuel and energy
related activities, upstream transportation and distribution, waste generated in operations,
business travel, and employee commuting 90% within the same timeframe.",2023-11-23 01:00:00
MCD,McDonald's,cdp_pdf,https://corporate.mcdonalds.com/content/dam/sites/corp/nfl/pdf/McDonalds_CDP_Climate_2022.pdf,113991.0,521720.0,469236.0,,,,old,,True,Targets set,1.5°C,2030.0,Targets set,2050.0,Targets set,2050.0,"Overall Net-Zero Target
McDonald’s Corporation commits to reach net-zero GHG emissions across the value chain
by 2050.
Near-Term Targets
Energy and industrial: McDonald’s Corporation commits to reduce absolute scope 1 and 2
GHG emissions 50.4% by 2030 from a 2018 base year. McDonald’s Corporation also commits
to reduce absolute scope 3 energy and industrial GHG emissions from purchased goods and
services, fuel and energy related activities, upstream transportation and distribution, waste
generated in operations, end-of-life treatment of sold products, and franchises 50.4% within
the same timeframe.
FLAG: McDonald’s Corporation commits to reduce absolute scope 3 FLAG GHG emissions 16%
by 2030 from a 2018 base year.* McDonald’s Corporation also commits to maintain no
deforestation across its primary deforestation-linked commodities.
Long-Term Targets
Energy and industrial: McDonald’s Corporation commits to reduce absolute scope 1, 2, and
energy and industrial scope 3 GHG emissions 90% by 2050 from a 2018 base year.
FLAG: McDonald’s Corporation also commits to reduce absolute scope 3 GHG emissions 72%
by 2050 from a 2018 base year.*
*Target includes FLAG emissions and removals.",2023-12-07 01:00:00
MCK,McKesson Corporation,none,,,,,,,,,no_public_report_found,True,Targets set,1.5°C,FY2032,,,,,McKesson commits to reduce absolute scope 1 and 2 GHG emissions 50.4% by FY2032 from a FY2020 base year. McKesson commits that 70% of its suppliers by spend covering purchased goods and services will have science_x0002_based targets by FY2027,2023-01-19 01:00:00
MDT,Medtronic,none,,,,,,,,,no_public_report_found,True,Targets set,1.5°C,FY2034,,,Commitment removed,,"Near-Term Targets: Medtronic PLC commits to reduce absolute scope 1 and 2 GHG emissions 52% by FY2030 from a FY2020 base year. Medtronic PLC also commits to increase active annual sourcing of renewable electricity from 1.29% in FY2020 to 100% by FY2030. Medtronic PLC further commits that 75% of its suppliers by emissions covering purchased goods and services and capital goods will have science-based targets by FY2030. Finally, Medtronic PLC commits to reduce absolute scope 3 GHG emissions from upstream transportation and distribution, business travel and end-of-life treatment of sold products 37.5% by FY2034 from a FY2024 base year.",2025-07-24 01:00:00
META,Meta Platforms,cdp_pdf,https://sustainability.atmeta.com/wp-content/uploads/2024/02/2023_Meta_CDP_Climate-Change-Survey.pdf,66934.0,3921611.0,273.0,,,,old,,True,Targets set,1.5°C,2031.0,,,Commitment removed,,"Meta commits to reduce absolute scope 1 and 2 GHG emissions 42% by
2031 from a 2021 base year. Meta also commits to continue annually
sourcing 100% renewable electricity through 2030. Meta further commits
that 76% of its suppliers by emissions covering purchased goods and
services and capital goods, will have science-based targets by 2026.",2024-02-29 01:00:00
MET,MetLife,cdp_pdf,https://sustainabilityreport.metlife.com/content/dam/metlifecom/us/sustainability/Sustainability-2024/sustainability-evergreen-microsite/pdf/MetLife-2023-CDP-Climate-Change-Report.pdf,12464.0,47108.0,7667.0,,,,old,,True,Committed,,,,,,,,2016-04-20 01:00:00
MTD,Mettler Toledo,sustainability_report,https://www.mt.com/dam/sustainability/crr-2026/METTLER_TOLEDO_Corporate_Responsibility_Report_2026.pdf,,,,,,,False,no_fields_extracted,False,,,,,,,,,
MSFT,Microsoft,cdp_pdf,https://cdn-dynmedia-1.microsoft.com/is/content/microsoftcorp/microsoft/msc/documents/presentations/CSR/Microsoft-2025-CDP-response.pdf,143510.0,9955368.0,259090.0,06/30/2020,118100.0,245122000000.0,new,,True,Targets set,1.5°C,2030.0,,,Commitment removed,,American multinational technology company Microsoft commits to continue annually source 100% renewable electricity through 2030. Microsoft also commits to reduce scope 3 GHG emissions intensity per unit of revenue 30% by 2030 from a 2017 base year and to avoid growth in absolute scope 3 emissions.,2020-01-01 01:00:00
MAA,Mid-America Apartment Communities,sustainability_report,http://s1.q4cdn.com/498755859/files/doc_downloads/sustainability/2024/MAA-CSR2024-Final.pdf,,,,,,,False,no_fields_extracted,False,,,,,,,,,
MRNA,Moderna,sustainability_report,https://assets.modernatx.com/m/5cc10007e5a806e6/original/Moderna_ESG_2022.pdf,,,,,,,False,no_fields_extracted,True,Targets set,1.5°C,2030.0,Targets set,2045.0,Targets set,2045.0,"Overall Net-Zero Target: Moderna, Inc. commits to reach net-zero greenhouse gas emissions across the value chain by 2045. Near-Term Targets: Moderna, Inc. commits to reduce absolute scope 1 and 2 GHG emissions 90% by 2030 from a 2021 base year. Moderna, Inc. commits that 85% of its suppliers by emissions covering purchased goods and services, capital goods and upstream transportation and distribution, will have science-based targets by 2028. Long-Term Targets: Moderna, Inc. commits to maintain a minimum of 90% absolute scopes 1 and 2 GHG emissions from 2030 through 2045 from a 2021 base year. Moderna, Inc. also commits to reduce absolute scope 3 GHG emissions emissions 90% by 2045 from a 2021 base year. ",2025-01-09 01:00:00
MDLZ,Mondelez International,none,,,,,,,,,no_public_report_found,True,Targets set,1.5°C,2030.0,Targets set,2050.0,Targets set,2050.0,"Net-Zero Target
Mondelez International Inc commits to reach net-zero greenhouse gas emissions across the value chain by 2050.
Near-Term Targets
Energy & Industry:
Mondelez International Inc commits to reduce absolute scope 1 and 2 GHG emissions 50.4% by 2030 from a 2018
base year.* Mondelez International Inc also commits to reduce absolute scope 3 GHG emissions 30% within the
same timeframe.
*The target boundary includes biogenic land-related emissions and removals from bioenergy feedstocks.
FLAG:
Mondelez International Inc commits to reduce absolute scope 3 FLAG GHG emissions 36.4% by 2030 from a 2018
base year.* Mondelez International Inc commits to no deforestation across its primary deforestation-linked
commodities with a target date of December 31st 2025
*The target includes FLAG emissions and removals.
Long-term targets
Energy & Industry:
Mondelez International Inc commits to reduce absolute scope 1 and 2 GHG emissions 90% by 2050 from a 2018
base year.* Mondelez International Inc also commits to reduce absolute scope 3 GHG emissions 90% within the
same timeframe.
*The target boundary includes biogenic land-related emissions and removals from bioenergy feedstocks.
FLAG:
Mondelez International Inc commits to reduce absolute scope 3 FLAG GHG emissions 72% by 2050 from a 2018 base
year.*
*The target includes FLAG emissions and removals.",2024-04-11 01:00:00
MPWR,Monolithic Power Systems,cdp_pdf,https://media.monolithicpower.com/mps_cms_document/m/p/mps_2023_climate_report.pdf,38.0,25698.0,25567.0,,,,old,,False,,,,,,,,,
MNST,Monster Beverage,cdp_pdf,https://www.monsterbevcorp.com/media/Monster_Beverage_Corporation-2024_CDP_Questionnaire.pdf,10647.0,8025.0,10019.0,12/31/2023,15232.0,7140027000.0,new,,True,Commitment removed,,,,,,,,2024-01-18 01:00:00
MCO,Moody's Corporation,cdp_pdf,https://www.moodys.com/web/en/us/site-assets/cdp-report.pdf,1744.0,14035.0,13591.0,12/31/2019,1744.0,7088000000.0,new,,True,Targets set,1.5°C,2030.0,Targets set,2040.0,Targets set,2040.0,"Overall Net-Zero Target Moody’s Corporation commits to reach net-zero greenhouse gas emissions across the value chain by 2040 from a 2019 base year. Near-Term Targets Moody's Corporation commits to reduce absolute scope 1 and 2 emissions 50% by 2030 from a 2019 base year. Moody's Corporation also commits to reduce absolute scope 3 GHG emissions from fuel and energy related activities, business travel, and employee commuting 15% by 2025 from a 2019 base year. Moody's Corporation further commits that 60% of its suppliers by spend covering purchased goods and services, and capital goods will have science-based targets by 2025. Long-Term Targets Moody's Corporation commits to reduce absolute scope 1, 2, and 3 emissions 90% by 2040 from a 2019 base year.",2022-05-12 01:00:00
MS,Morgan Stanley,sustainability_report,https://www.morganstanley.com/content/dam/msdotcom/en/assets/pdfs/Morgan_Stanley_2023_ESG_Report.pdf,,,,,,,False,no_fields_extracted,False,,,,,,,,,
MOS,Mosaic Company (The),cdp_pdf,https://mosaicco.com/fileLibrary/publicFiles/0-mosaic-2023-response.pdf,3192707.0,1196633.0,1290002.0,,,,old,,False,,,,,,,,,
MSI,Motorola Solutions,none,,,,,,,,,no_public_report_found,False,,,,,,,,,
MSCI,MSCI,cdp_pdf,https://www.msci.com/downloads/web/msci-com/discover-msci/corporate-responsbility/sustainability-reports-and-policies/msci-2025-cdp-corporate-questionnaire-2025.pdf,543.18,7140.02,97.08,12/31/2019,272.0,2856128000.0,new,,True,Targets set,1.5°C,2030.0,Targets set,2040.0,Targets set,2040.0,"Overall Net-Zero Target MSCI commits to reach net-zero GHG emissions across the value chain by 2040 from a 2019 base year. Near-Term Targets MSCI commits to reduce absolute scope 1 and 2 GHG emissions 80% by 2030 from a 2019 base year. MSCI also commits to reduce absolute scope 3 GHG emissions 50% by 2030 from a 2019 base year. Long-Term Targets MSCI commits to reduce absolute scope 1, 2 and 3 GHG emissions 90% by 2040 from a 2019 base year.",2022-12-08 01:00:00
NDAQ,"Nasdaq, Inc.",none,,,,,,,,,no_public_report_found,True,Targets set,1.5°C,2032.0,Targets set,2050.0,Targets set,2050.0,"Overall Net-Zero Target: Nasdaq, Inc. commits to reach net-zero greenhouse gas emissions across the value chain by 2050.  Near-Term Targets: Nasdaq, Inc. commits to reduce absolute scope 1 and 2 GHG emissions 90% by 2032 from a 2023 base year. Nasdaq, Inc. also commits to increase active annual sourcing of renewable electricity from 97% in 2023 to 100% by 2030. Nasdaq, Inc. further commits to reduce absolute scope 3 GHG emissions 50% by 2032 from a 2023 base year. Nasdaq, Inc. finally commits that 70% of its suppliers by spend, covering purchased goods and services and capital goods, will have science-based targets by 2029.  Long-Term Targets: Nasdaq, Inc. commits to maintain a minimum 90% absolute scope 1 and 2 GHG emissions reduction from 2032 through 2050 from a 2023 base year. Nasdaq, Inc. also commits to reduce absolute scope 3 GHG emissions 95% within the same timeframe.",2025-10-30 01:00:00
NTAP,NetApp,sustainability_report,https://webobjects2.cdw.com/is/content/CDW/cdw/on-domain-cdw/brands/netapp/netapp-2024-esg-impact-report.pdf?ci=2676,,,,,,,False,no_fields_extracted,True,Targets set,1.5°C,FY2030,,,,,"Near-Term Targets: NetApp, Inc. commits to reduce absolute scope 1 and 2 GHG emissions 50.8% by FY2030 from a FY2020 base year. NetApp, Inc. also commits to reduce scope 3 GHG emissions from use of sold products 51.6% per effective petabytes shipped by FY2030 from a FY2023 base year.",2025-01-16 01:00:00
NFLX,Netflix,none,,,,,,,,,no_public_report_found,True,Targets set,1.5°C,2030.0,,,Commitment removed,,Netflix commits to reduce absolute scope 1 and 2 GHG emissions 46.2% by 2030 from a 2019 base year. Netflix also commits to reduce scope 3 GHG emissions 55% per million USD of value added within the same timeframe.,2023-03-30 01:00:00
NWSA,News Corp (Class A),none,,,,,,,,,no_public_report_found,False,,,,,,,,,
NWS,News Corp (Class B),none,,,,,,,,,no_public_report_found,False,,,,,,,,,
NKE,"Nike, Inc.",sustainability_report,"https://media.about.nike.com/files/460d3198-9609-4f5b-b18c-d4e7aa570bff/FY24_NIKE,-Inc.-Sustainability-Data.pdf",57390,211322,12120,,,,False,"Manually entered (not parser-automated): NIKE's FY24 Sustainability Data report uses a facility-type breakdown (Air MI/Distribution Centers/HQs/Retail/Corporate Jets/HQ Fleet) rather than a single labelled Scope 1/2 row, not a generalizable layout. Cross-verified across three independent tables in the document: (1) explicit 'FY24 Emissions Summary Scope 1, 2, and 3' table states Scope 1=57,390, Scope 2 market-based=12,120; (2) 'Energy and Emissions by Business Function' table's NIKE, Inc. total row matches both figures exactly; (3) 'Fuel Consumption and Scope 1 Emissions' table's NIKE, Inc. row also shows 57,390 (also independently matches a by-gas breakdown total). Scope 2 location-based (211,322) is the document's own stated NIKE, Inc. total in the 'Electricity Consumption and Scope 2 Emissions' table, which also matches summing the four facility rows (26,273+59,563+42,199+83,287=211,322) independently.",True,Targets set,1.5°C,2030.0,,,,,"American multinational corporation NIKE, Inc. sets a target to reduce absolute scope 1 and 2 GHG emissions 65% by 2030 from a 2015 base year. NIKE, Inc. also sets a target to reduce absolute scope 3 GHG emissions 30% within the same timefram",2019-09-19 01:00:00
NDSN,Nordson Corporation,none,,,,,,,,,no_public_report_found,False,,,,,,,,,
NSC,Norfolk Southern,cdp_pdf,https://www.norfolksouthern.com/content/dam/nscorp/pdf/NS%202023%20CDP%20Report.pdf,4127658.0,150491.0,152460.0,,,,old,,True,Targets set,Well-below 2°C,2034.0,,,,,Norfolk Southern commits to reduce scope 1 and 2 GHG emissions 42% per million gross ton-miles (MGTM) by 2034 from a 2019 base year*. *The target boundary includes biogenic emissions and removals from bioenergy feedstocks.,2021-07-29 01:00:00
NTRS,Northern Trust,none,,,,,,,,,no_public_report_found,True,Committed,,,,,Committed,,,2022-09-15 01:00:00
NCLH,Norwegian Cruise Line Holdings,sustainability_report,https://www.ncl.com/sites/default/files/2023_NCLH_Sail_and_Sustain_Report-compressed.pdf,,,,,,,False,no_fields_extracted,False,,,,,,,,,
NVDA,Nvidia,cdp_pdf,https://www.nvidia.com/content/dam/en-zz/Solutions/csr/NVIDIA_Corporation_CDP_Climate_Change_Questionnaire_2023.pdf,12346.0,142909.0,60671.0,,,,old,,True,Targets set,1.5°C,FY2030,,,,,Near-Term Targets: NVIDIA commits to reduce absolute scope 1 and 2 GHG emissions 50% by FY2030 from a FY2023 base year. NVIDIA also commits to reduce scope 3 GHG emissions from use of sold products 75% per PetaFLOP within the same timeframe.,2025-07-10 01:00:00
NVR,"NVR, Inc.",none,,,,,,,,,no_public_report_found,False,,,,,,,,,
NXPI,NXP Semiconductors,sustainability_report,https://www.nxp.com/docs/en/supporting-information/Corporate-Sustainability-Report-2025.pdf,,,,,,,False,no_fields_extracted,True,Targets set,1.5°C,2030.0,,,,,NXP Semiconductors commits to reduce absolute scope 1 and 2 GHG emissions 55% by 2030 from a 2021 base year. NXP Semiconductors also commits to reduce absolute scope 3 GHG emissions 35% by 2033 from a 2022 base year.,2024-07-25 01:00:00
ORLY,O'Reilly Automotive,none,,,,,,,,,no_public_report_found,False,,,,,,,,,
ODFL,Old Dominion,sustainability_report,https://d1io3yog0oux5.cloudfront.net/_76a618a359278fc569741fd58cb55174/odfl/db/515/4099/pdf/ODFL_2022_ESG+Report.pdf,,,,,,,False,no_fields_extracted,False,,,,,,,,,
OMC,Omnicom Group,none,,,,,,,,,no_public_report_found,True,Targets set,1.5°C,2030.0,,,,,"Omnicom Group commits to reduce absolute scope 1, 2, and 3 GHG
emissions 46.2% by 2030 from a 2019 base year.",2023-06-15 01:00:00
ON,ON Semiconductor,cdp_pdf,https://www.onsemi.com/site/pdf/CDP_Climate_Change_Disclosure.pdf,,,,,,,False,no_fields_extracted,False,,,,,,,,,
ORCL,Oracle Corporation,cdp_pdf,https://www.oracle.com/a/ocom/docs/cdp-climate-change-questionnaire.pdf,29930.0,1234873.0,271188.0,12/31/2020,15272.0,57399000000.0,new,,False,,,,,,,,,
OTIS,Otis Worldwide,sustainability_report,https://s203.q4cdn.com/227649559/files/doc_downloads/resources/Otis-ESG-Report-2023.pdf,,,,,,,False,no_fields_extracted,True,Targets set,1.5°C,2033.0,,,,,"Otis Worldwide Corp commits to reduce absolute scope 1 and 2 GHG emissions 55% by 2033 from a 2021 base year.* Otis Worldwide Corp also commits to reduce absolute scope 3 GHG emissions from purchased goods and services, business travel, and use of sold products 33% within the same timeframe.
*The target boundary includes biogenic land-related emissions and removals from bioenergy feedstocks.",2024-05-16 01:00:00
PCAR,Paccar,cdp_pdf,https://s202.q4cdn.com/173635405/files/doc_downloads/ESG/2024/tcfd-cdp-climate-report-feb-2024.pdf,121140.0,149503.0,164645.0,,,,old,,True,Targets set,Well-below 2°C,2030.0,,,,,PACCAR Inc commits to reduce absolute scope 1 and 2 GHG emissions 35% by 2030 from a 2018 base year. PACCAR Inc commits to reduce scope 3 GHG emissions from use of sold products 25% per vkm by 2030 from a 2018 base year.,2021-05-06 01:00:00
PKG,Packaging Corporation of America,sustainability_report,https://www.packagingcorp.com/filebin/pdf/ResponsibilityReports/PCA_2024_Responsibility_Report_TCFD_Index.pdf,,,,,,,False,no_fields_extracted,False,,,,,,,,,
PLTR,Palantir Technologies,sustainability_report,https://www.palantir.com/assets/xrfr7uokpv1b/H5tHWWq0298OBDCgRmKv1/b9528d25f643e8698323881c3e045b3a/2025.06.16_-_Palantir_UK_-_2025_Carbon_Reduction_Plan_Signed.pdf,,,,,,,False,no_fields_extracted,True,Commitment removed,,,,,,,,2021-10-14 01:00:00
PANW,Palo Alto Networks,cdp_pdf,https://corporate.justcapital.com/uploads/PANW/2023%20CDP%20Climate%20Disclosure-FINAL-public%20v1.0.pdf,2020.0,11073.0,13385.0,,,,old,,True,Targets set,1.5°C,FY2027,Targets set,FY2040,Targets set,FY2040,"Overall Net-Zero Target: Palo Alto Networks commits to reach net-zero greenhouse gas emissions across the value chain by FY2040. Near-Term Targets: Palo Alto Networks commits to reduce absolute scope 1 and 2 GHG emissions 35% by FY2027 from a FY2021 base year. Palo Alto Networks also commits to reduce scope 3 emissions from use of sold products 40% per million USD value added within the same timeframe. Palo Alto Networks finally commits that 65% of its suppliers by emissions covering purchased goods and services, will have science-based targets by FY2027. Long-Term Targets: Palo Alto Networks commits to reduce absolute scope 1 and 2 GHG emissions 90% by FY2040 from a FY2021 base year. Palo Alto Networks also commits to reduce absolute scope 3 GHG emissions 90% within the same timeframe.",2024-09-19 01:00:00
PSKY,Paramount Skydance Corporation,none,,,,,,,,,no_public_report_found,False,,,,,,,,,
PH,Parker Hannifin,cdp_pdf,https://www.parker.com/content/dam/parker/na/united-states/sustainability/Parker-Hannifin%20Corporation%20CDP%20Climate%20Change%20Questionnaire%202023.pdf,173066.0,,522886.0,,,,old,,True,Targets set,1.5°C,FY2030,,,,,"Near-Term Targets: Parker Hannifin Corporation commits to reduce absolute scope 1 and 2 GHG emissions 46.2% by FY2030 from a FY2019 base year. Parker Hannifin Corporation commits that 76% of its suppliers by emissions covering purchased goods and services, will have science-based targets by FY2030.",2025-09-04 01:00:00
PAYX,Paychex,cdp_pdf,https://www.paychex.com/sites/default/files/2025-11/2025-cdp-corporate-questionnaire-response.pdf,,4431.248,4501.358,,,5571700000.0,new,,False,,,,,,,,,
PYPL,PayPal,cdp_pdf,https://s205.q4cdn.com/210152132/files/doc_downloads/global-impact/2025/2025-PayPal-CDP-Response-Final.pdf,,79000.0,8800.0,,,31797000000.0,new,,True,Targets set,1.5°C,2025.0,,,,,"PayPal Holdings, Inc. commits to reduce absolute scope 1 and 2 GHG emissions 25% by 2025 from a 2019 base year. PayPal Holdings, Inc. commits to reduce the absolute scope 3 GHG emissions from fuel and energy-related activities 25% over the same timeframe. PayPal Holdings Inc. also commits that 75% of its suppliers by spend covering purchased goods and services, capital goods, business travel, upstream transportation and distribution will have science-based targets by 2025.",2021-04-08 01:00:00
PNR,Pentair,sustainability_report,https://flowandfiltrationsolutions.pentair.com/content/dam/extranet/enterprise/digital/enterprise-pages/pentair-sustainability-report-2025.pdf,,,,,,,False,no_fields_extracted,False,,,,,,,,,
PEP,PepsiCo,epa_ghgrp,,317942.602,,,,,,,EPA GHGRP Scope 1-only direct/on-site emissions; Scope 2 not covered,True,Targets set,1.5°C,2030.0,Targets set,2050.0,Targets set,2050.0,"Overall net-zero target:
PepsiCo, Inc. commits to reach net-zero greenhouse gas emissions across the value chain by 2050.
Near-term targets:
Energy & Industry: PepsiCo, Inc. commits to reduce absolute scope 1 and 2 GHG emissions 50% by 2030 from a 2022 base year.* PepsiCo,
Inc. also commits to reduce absolute scope 3 GHG emissions rom purchased goods and services, fuel and energy related activities, business
travel, downstream transportation and distribution and franchises 42% within the same timeframe.
*The target boundary includes land-related emissions and removals from bioenergy feedstocks.
FLAG: PepsiCo, Inc. commits to reduce absolute scope 3 FLAG GHG emissions 30.3% by 2030 from a 2022 base year.** PepsiCo, Inc. also
commits to no deforestation across its primary deforestation-linked commodities, with a target date of December 31, 2025.
**The target includes FLAG emissions and removals.
Long-term targets:
Energy & Industry: PepsiCo, Inc. commits to reduce absolute scope 1 and 2 GHG emissions 90% by 2050 from a 2022 base year.* PepsiCo,
Inc. also commits to reduce absolute scope 3 GHG emissions 90% within the same timeframe.
*The target boundary includes land-related emissions and removals from bioenergy feedstocks.
FLAG: PepsiCo, Inc. commits to reduce absolute scope 3 FLAG GHG emissions 72% by 2050 from a 2022 base year.**
**The target includes FLAG emissions and removals.",2025-05-29 01:00:00
PFE,Pfizer,epa_ghgrp,,225796.40999999997,,,,,,,EPA GHGRP Scope 1-only direct/on-site emissions; Scope 2 not covered,True,Targets set,1.5°C,2030.0,,,Commitment removed,,"Pfizer Inc. commits to reduce absolute scope 1 and 2 GHG emissions 46% by 2030 from a 2019 base year. Pfizer Inc. commits to increase annual sourcing of renewable electricity from 9% in 2019 to 100% by 2030. Pfizer Inc. commits to reduce absolute scope 3 emissions 25% from business travel by 2025 from a 2019 base year. Pfizer Inc. commits to reduce absolute scope 3 emissions 10% from upstream transportation and distribution by 2025 from a 2019 base year. Pfizer Inc. also commits that 64% of its suppliers by spend covering purchased goods & services, will have science-based targets by 2025. *The target boundary includes biogenic emissions and removals from bioenergy feedstocks.",2022-06-02 01:00:00
PCG,PG&E Corporation,epa_ghgrp,,340079.538,,,,,,,EPA GHGRP Scope 1-only direct/on-site emissions; Scope 2 not covered,True,Commitment removed,,,,,,,,2022-08-04 01:00:00
PM,Philip Morris International,cdp_pdf,https://www.pmi.com/content/dam/pmicom/global/docs/sustainability-cdp-submissions/Philip%20Morris%20International%20CDP%20Disclosure%202025.pdf,285071.33,384000.33,62802.17,,,37878000000.0,new,,True,Targets set,1.5°C,2030.0,Targets set,2040.0,Targets set,2040.0,"Overall Net-Zero Target:
Philip Morris International Inc. commits to reach net-zero greenhouse gas emissions across the value chain by 2040.

Near-Term Targets:
Energy and Industry:
Philip Morris International commits to reduce absolute scope 1 and 2 GHG emissions 50% by 2030 from a 2019 base year.* Philip Morris International also commits to reduce absolute scope 3 GHG emissions from purchased goods and services, fuel- and energy-related activities, upstream transportation and distribution, waste generated in operations and business travel 27.5% within the same timeframe. Philip Morris International further commits that 15% of its suppliers by spend covering purchased goods and services will have science-based targets by 2025.

FLAG:
Philip Morris International commits to reduce absolute scope 3 FLAG GHG emissions 33.3% by 2030 from a 2019 base year.** Philip Morris International commits to no deforestation across its primary deforestation-linked commodities, with a target date of December 31, 2025.

Long-Term Targets:
Energy and Industry:
Philip Morris International commits to reduce absolute scope 1 and 2 GHG emissions 90% by 2040 from a 2019 base year.* Philip Morris International also commits to reduce absolute scope 3 GHG emissions 90% within the same timeframe.*

FLAG:
Philip Morris International commits to reduce absolute scope 3 FLAG GHG emissions 72% by 2040 from a 2019 base year.**

*The target boundary includes land-related emissions and removals from biogenic feedstocks. **The target includes FLAG emissions and removals.",2026-01-08 01:00:00
PSX,Phillips 66,epa_ghgrp,,31454319.53000001,,,,,,,EPA GHGRP Scope 1-only direct/on-site emissions; Scope 2 not covered,False,,,,,,,,,
PNW,Pinnacle West Capital,epa_ghgrp,,13239664.866,,,,,,,EPA GHGRP Scope 1-only direct/on-site emissions; Scope 2 not covered,False,,,,,,,,,
PNC,PNC Financial Services,cdp_pdf,https://www.pnc.com/content/dam/es/pnc-com/pdf/aboutpnc/CorporateResponsibilityReports/PNC_CDP_Response_2024.pdf,,,,,,,,"download_error: HTTPSConnectionPool(host='www.pnc.com', port=443): Read timed out. (read timeout=30)",False,,,,,,,,,
PPG,PPG Industries,epa_ghgrp,,198602.998,,,,,,,EPA GHGRP Scope 1-only direct/on-site emissions; Scope 2 not covered,True,Targets set,1.5°C,2030.0,,,,,"""PPG Industries commits to reduce absolute scope 1 and 2 GHG emissions
50% by 2030 from a 2019 base year. PPG Industries also commits to
reduce absolute scope 3 GHG emissions from purchased goods and
services, processing of sold products, and end-of-life treatment of sold
products 30% within the same timeframe.""",2023-05-25 01:00:00
PPL,PPL Corporation,epa_ghgrp,,26771409.22,,,,,,,EPA GHGRP Scope 1-only direct/on-site emissions; Scope 2 not covered,False,,,,,,,,,
PFG,Principal Financial Group,sustainability_report,https://brandassets.principal.com/m/578f3c503d494ecf/original/2023-Sustainability-Report.pdf,,,,,,,False,no_fields_extracted,True,Commitment removed,,,,,,,,2015-06-01 01:00:00
PG,Procter & Gamble,epa_ghgrp,,1676103.744,,,,,,,EPA GHGRP Scope 1-only direct/on-site emissions; Scope 2 not covered,True,Targets set,1.5°C,FY2030,,,Commitment removed,,"P&G commits to reduce absolute scope 1 and 2 GHG emissions 63% by FY2030 from a FY2015 base year. P&G commits to increase active annual sourcing of renewable electricity from 21% in FY2015 to 100% by FY2030.
P&G also commits to reduce scope 3 GHG emissions from purchased goods and services 40% per unit of production by FY2030 from a FY2020 base year.
P&G commits to reduce scope 3 GHG emissions from upstream transportation and distribution 50% per tonne-kilometer over the same timeframe",2023-11-09 01:00:00
PGR,Progressive Corporation,sustainability_report,https://s202.q4cdn.com/605347829/files/doc_downloads/2024/10/progressive_2023corporatesustainabilityreport_a.pdf,,,,,,,False,no_fields_extracted,False,,,,,,,,,
PLD,Prologis,cdp_pdf,https://prologis.getbynder.com/m/e6c514f5f0efa6b/original/Prologis-Climate-Change-2021.pdf,2472.0,3343.0,539.0,,,,old,,True,Targets set,1.5°C,2030.0,Targets set,2040.0,Targets set,2040.0,"Overall Net-Zero Target: Prologis Inc. commits to reach net-zero GHG emissions across the value chain by 2040
Near-Term Targets: Prologis, Inc. commits to reduce absolute scope 1 and 2 GHG emissions 90.0% by 2030 from a 2019 base year*. Prologis, Inc. also commits to reduce absolute scope 3 GHG emissions 27.5% within the same timeframe*.
*The target boundary includes land-related emissions and removals from bioenergy feedstocks.
Long-Term Targets: Prologis, Inc. commits to maintain at least 90.0% absolute reduction of absolute scope 1 and 2 GHG emissions from 2030 through 2040 relative to a 2019 base year*. Prologis, Inc. also commits to reduce absolute scope 3 GHG emissions 90.0% within the same timeframe*. *The target boundary includes land-related emissions and removals from bioenergy feedstocks.",2024-04-25 01:00:00
PRU,Prudential Financial,cdp_pdf,https://s204.q4cdn.com/830623074/files/doc_financials/2022/ar/2023-prudential-financial-cdp-climate-change-questionnaire_public.pdf,,,,,,,,download_error: 403 Client Error: Forbidden for url: https://s204.q4cdn.com/830623074/files/doc_financials/2022/ar/2023-prudential-financial-cdp-climate-change-questionnaire_public.pdf,False,,,,,,,,,
PEG,Public Service Enterprise Group,epa_ghgrp,,146.3,,,,,,,EPA GHGRP Scope 1-only direct/on-site emissions; Scope 2 not covered,False,,,,,,,,,
PTC,PTC Inc.,sustainability_report,https://ptc-p-001.sitecorecontenthub.cloud/api/public/content/PTC-Impact-Report-2023?v=3eacd641,,,,,,,False,no_fields_extracted,True,Targets set,1.5°C,FY2030,Targets set,FY2050,Targets set,FY2050,Overall Net-Zero Target: PTC Inc. commits to reach net-zero greenhouse gas emissions across the value chain by FY2050. Near-Term Targets: PTC commits to reduce absolute scope 1 and 2 GHG emissions 50% by FY2030 from a FY2022 base year. PTC also commits to reduce absolute scope 3 GHG emissions from purchased goods and services 25% within the same timeframe.   Long-Term Targets: PTC also commits to reduce absolute scope 1 and 2 GHG emissions 90% by FY2050 from a FY2022 base year.  PTC also commits to reduce absolute scope 3 GHG emissions 90%  within the same timeframe.,2024-09-12 01:00:00
PSA,Public Storage,sustainability_report,https://s1.q4cdn.com/588671402/files/doc_downloads/2025/06/2025-Sustainability-Report-Public-Storage.pdf,,,,,,,False,no_fields_extracted,False,,,,,,,,,
PHM,PulteGroup,sustainability_report,https://s204.q4cdn.com/680895981/files/doc_downloads/2024/2024_Sustainability_Report-FINAL.pdf,,,,,,,False,no_fields_extracted,False,,,,,,,,,
PWR,Quanta Services,sustainability_report,https://investors.quantaservices.com/_assets/_6ace16eea66ede551a7ae3abb19fb65e/quantaservices/db/989/10363/pdf/2023-Quanta-Sustainability-Report.pdf,,,,,,,False,no_fields_extracted,False,,,,,,,,,
QCOM,Qualcomm,epa_ghgrp,,48566.816,,,,,,,EPA GHGRP Scope 1-only direct/on-site emissions; Scope 2 not covered,True,Targets set,1.5°C,FY2030,Targets set,FY2040,Targets set,FY2040,"Overall Net Zero target
Qualcomm Incorporated commits to reach net-zero greenhouse gas emissions across the
value chain by FY2040.
Near-Term Targets
Qualcomm Incorporated commits to reduce absolute scope 1 and 2 GHG emissions 50% by FY2030 from a FY2020 base year. Qualcomm Incorporated also commits to reduce absolute scope 3 GHG emissions 25% within the same timeframe.
Long-Term Target
Qualcomm Incorporated commits to reduce absolute scope 1, 2 and 3 GHG emissions 90%
by FY2040 from a FY2020 base year.",2023-10-05 01:00:00
DGX,Quest Diagnostics,cdp_pdf,https://www.questdiagnostics.com/content/dam/corporate/documents/Quest_Diagnostics_Incorporated_-_CDP_Climate_Change_Questionnaire_2023.pdf,288624.0,104080.0,94474.0,,,,old,,False,,,,,,,,,
Q,Qnity Electronics,none,,,,,,,,,no_public_report_found,False,,,,,,,,,
VLO,Valero Energy,epa_ghgrp,,23535216.552000005,,,,,,,"EPA GHGRP 2023 Direct Emitters, matched via parent company 'VALERO ENERGY CORP' (27 facilities). Scope 1 (direct/on-site) only -- GHGRP does not cover Scope 2.",False,,,,,,,,,
VTRS,Viatris,epa_ghgrp,,26031.806,,,,,,,"EPA GHGRP 2023 Direct Emitters, matched via parent company 'VIATRIS INC' (1 facilities). Scope 1 (direct/on-site) only -- GHGRP does not cover Scope 2.",True,Targets set,1.5°C,2030.0,,,,,"Viatris Inc. commits to reduce absolute scope 1 and 2 GHG emissions 42% by 2030 from a 2020 base year*. Viatris Inc. also commits to reduce absolute scope 3 GHG emissions covering purchased goods and services, capital goods, fuel and energy related activities, and upstream transportation and distribution 25% within the same timeframe. *The target boundary includes land-related emissions and removals from bioenergy feedstocks.",2022-12-08 01:00:00
VST,Vistra Corp.,epa_ghgrp,,86320993.13799997,,,,,,,"EPA GHGRP 2023 Direct Emitters, matched via parent company 'Vistra Corp' (40 facilities). Scope 1 (direct/on-site) only -- GHGRP does not cover Scope 2.",True,Targets set,1.5°C,2028.0,,,,,Vistra Corp. commits to reduce absolute scope 1 and 2 GHG emissions 58% by 2028 from a 2018 base year. Vistra Corp also commits to reduce absolute scope 1 and 3 GHG emissions from all sold electricity 58% within the same timeframe. Vistra Corp. further commits to reduce absolute scope 3 GHG emissions from use of sold products 42% within the same timeframe.,2024-08-08 01:00:00
WM,Waste Management,epa_ghgrp,,11650459.606000002,,,,,,,"EPA GHGRP 2023 Direct Emitters, matched via parent company 'WASTE MANAGEMENT INC' (225 facilities). Scope 1 (direct/on-site) only -- GHGRP does not cover Scope 2.",False,,,,,,,,,
WEC,WEC Energy Group,epa_ghgrp,,19291885.63,,,,,,,"EPA GHGRP 2023 Direct Emitters, matched via parent company 'WEC Energy Group Inc' (17 facilities). Scope 1 (direct/on-site) only -- GHGRP does not cover Scope 2.",False,,,,,,,,,
WY,Weyerhaeuser,epa_ghgrp,,41144.524,,,,,,,"EPA GHGRP 2023 Direct Emitters, matched via parent company 'WEYERHAEUSER CO' (2 facilities). Scope 1 (direct/on-site) only -- GHGRP does not cover Scope 2.",True,Targets set,1.5°C,2030.0,,,Commitment removed,,Weyerhaeuser commits to reduce absolute scope 1 and 2 GHG emissions 42% by 2030 from a 2020 base year. Weyerhaeuser also commits to reduce scope 3 GHG emissions 25% per ton of production within the same timeframe. * The target boundary includes biogenic emissions and removals from bioenergy feedstocks.,2021-12-16 01:00:00
XEL,Xcel Energy,epa_ghgrp,,44184964.932,,,,,,,"EPA GHGRP 2023 Direct Emitters, matched via parent company 'XCEL ENERGY INC' (31 facilities). Scope 1 (direct/on-site) only -- GHGRP does not cover Scope 2.",False,,,,,,,,,
UBER,Uber,none,,,,,,,,,no_public_report_found,False,,,,,,,,,
UDR,"UDR, Inc.",none,,,,,,,,,no_public_report_found,True,Commitment removed,,,,,,,,2021-08-05 01:00:00
ULTA,Ulta Beauty,sustainability_report,https://d1io3yog0oux5.cloudfront.net/_2a8629e3f704636d5d799dc4f8e7fd6d/ulta/db/1975/18000/description/ULTA-008_2025_CRR_Report_PDF_6_ADA_04.22.26.pdf,,,,,,,new,no_fields_extracted,True,Targets set,1.5°C,FY2030,,,,,"Ulta Beauty, Inc. commits to reduce absolute scope 1 and 2 GHG emissions 90% by FY2030 from a FY2019 base year. Ulta Beauty, Inc. also commits to reduce absolute scope 3 GHG emissions covering use of sold products 28% by FY2030 from a FY2019 base year. Ulta Beauty, Inc. further commits that 68% of its suppliers by emissions covering purchased goods and services, will have science-based targets by FY2027.",2023-11-30 01:00:00
UNP,Union Pacific Corporation,cdp_pdf,https://www.up.com/content/dam/upcom/strategy-sustainability/documents/cdp-submission.pdf,10083282.0,261372.0,314075.0,12/31/2018,11313933.0,24250000000.0,new,,True,Targets set,1.5°C,2030.0,,,Commitment removed,,"Union Pacific commits to reduce absolute scope 1 and 2 GHG emissions 50.4% by 2030 from a 2018 base year.* Union Pacific also commits to reduce scope 3 GHG emissions from purchased goods and services, capital goods, and fuel and energy-related activities 50.4% within the same timeframe.
*The target boundary includes land-related emissions and removals from bioenergy feedstocks.",2024-03-28 01:00:00
UAL,United Airlines Holdings,none,,,,,,,,,no_public_report_found,True,Targets set,Well-below 2°C,2035.0,,,Commitment removed,,"United Airlines commits to reduce scope 1, 2, and well-to-wake jet fuel GHG emissions, including scope 3 category 4, upstream transportation and distribution 50% per revenue ton kilometer (RTK) by 2035 from a 2019 base year.***
*The target boundary includes biogenic emissions and removals from bioenergy feedstocks.
**Non-CO2e effects which may also contribute to aviation induced warming are not included in this target. United Airlines Inc. commits to report publicly on its collaboration with stakeholders to improve understanding of opportunities to mitigate the non-CO2e impacts of aviation annually over its target timeframe.",2023-06-08 01:00:00
UPS,United Parcel Service,none,,,,,,,,,no_public_report_found,False,,,,,,,,,
URI,United Rentals,sustainability_report,https://www.unitedrentals.com/sites/default/files/press-releases/Corporate-Responsibility-Report-2024.pdf,,,,,,,False,no_fields_extracted,False,,,,,,,,,
UNH,UnitedHealth Group,cdp_pdf,https://www.unitedhealthgroup.com/content/dam/UHG/PDF/2024/sustainability/UHG-2024-CDP-Corporate-Questionnaire.pdf,24487.0,156751.0,148741.0,12/31/2021,131593.0,371622000000.0,new,,True,Targets set,1.5°C,2030.0,,,Committed,,Near-Term Targets: UnitedHealth Group commits to reduce absolute scope 1 and 2 GHG emissions 60% by 2030 from a 2023 base year. UnitedHealth Group also commits that 77% of its suppliers by emissions covering purchased goods & services and upstream transportation & distribution will have science-based targets by 2030.,2025-05-29 01:00:00
UHS,Universal Health Services,none,,,,,,,,,no_public_report_found,False,,,,,,,,,
VEEV,Veeva Systems,none,,,,,,,,,no_public_report_found,True,Targets set,1.5°C,FY2035,,,,,Near-Term Targets: Veeva Systems Inc commits to reduce absolute scope 1 and 2 GHG emissions 58.8% by FY2035 from a FY2024 base year. Veeva Systems Inc also commits to reduce scope 3 GHG emissions from purchased goods and services and capital goods 63.8% per million USD value added within the same timeframe.,2025-08-28 01:00:00
VTR,Ventas,cdp_pdf,https://ventasreit.com/sites/default/files/pdf/CDP_2023_Report.pdf,121591.0,288579.0,255446.0,,,,old,,True,Targets set,1.5°C,2030.0,,,,,"This target was approved using a streamlined target validation route exclusive to small and medium-sized enterprises (SMEs). https://sciencebasedtargets.org/faqs-for-smes/ Ventas, Inc. commits to reduce scope 1 and scope 2 GHG emissions 42% by 2030 from a 2022 base year, and to measure and reduce its scope 3 emissions.",2024-02-29 01:00:00
VLTO,Veralto,sustainability_report,https://filecache.investorroom.com/mr5ir_veralto/253/Veralto_2025_Sustainability_Report.pdf,,,,,,,False,no_fields_extracted,True,Committed,,,,,,,,2024-11-28 01:00:00
VRSN,Verisign,none,,,,,,,,,no_public_report_found,False,,,,,,,,,
VRSK,Verisk Analytics,sustainability_report,https://www.verisk.com/490b52/siteassets/media/corporate-social-responsibility/verisk-climate-disclosure-report-2022.pdf,,,,,,,False,no_fields_extracted,True,Targets set,1.5°C,2034.0,Targets set,2050.0,Targets set,2050.0,"Overall Net-Zero Target: Verisk Analytics, Inc. commits to reach net-zero greenhouse gas emissions across the value chain by 2050. Near-Term Targets: Verisk Analytics, Inc. commits to reduce absolute scope 1 and 2 GHG emissions 58.8% by 2034 from 2022 base year. Verisk Analytics, Inc. also commits to reduce absolute scope 3 GHG emissions from purchased goods and services and capital goods 58.8% within the same timeframe. Verisk Analytics, Inc. finally commits to reduce scope 3 GHG emissions from business travel 63.8% per FTE  within the same timeframe.  Long-Term Targets: Verisk Analytics, Inc. commits to reduce absolute scope 1 and 2 GHG emissions 90% by 2050 from 2022 base year. Verisk Analytics, Inc. also commits to reduce absolute scope 3 GHG emissions 90% within the same timeframe.",2025-02-20 01:00:00
VZ,Verizon,sustainability_report,https://www.verizon.com/about/sites/default/files/Verizon-2025-TCFD-Report.pdf,,,,,,,False,no_fields_extracted,True,Targets set,1.5°C,2035.0,,,Committed,,Verizon Communications Inc. commits to reduce absolute scope 1 and 2 GHG emissions 53% by 2030 from a 2019 base year. Verizon Communications Inc. commits to reduce absolute scope 3 GHG emissions 40% by 2035 from a 2019 base year.,2024-10-17 01:00:00
VRTX,Vertex Pharmaceuticals,sustainability_report,https://www.vrtx.com/sites/default/files/2025-Environmental-Assurance.pdf,,,,,,,False,no_fields_extracted,False,,,,,,,,,
VRT,Vertiv,sustainability_report,https://www.vertiv.com/48ec63/globalassets/documents/reports/one-vertiv-one-world_2023-responsible-business-report.pdf,,,,,,,False,no_fields_extracted,False,,,,,,,,,
VICI,Vici Properties,sustainability_report,https://viciproperties.com/wp-content/uploads/2024/09/VICI-Properties-2023-2024-ESG-Report.pdf,,,,,,,False,no_fields_extracted,False,,,,,,,,,
V,Visa Inc.,cdp_pdf,https://corporate.visa.com/content/dam/VCOM/regional/na/us/about-visa/documents/visa-cdp-response.pdf,5102.0,66462.0,8821.0,,,,old,,True,Targets set,1.5°C,FY2030,Targets set,FY2040,Targets set,FY2040,"Overall Net-Zero Target: Visa Inc. commits to reach net-zero greenhouse gas emissions
across the value chain by FY2040.
Near-Term Targets: Visa Inc. commits to reduce absolute scope 1 and 2 GHG emissions
81.22% by FY2030 from a FY2019 base year.* Visa Inc. also commits to reduce absolute
scope 3 GHG emissions 46.2% within the same timeframe.*
*The target boundary includes land-related emissions and removals from bioenergy
feedstocks.
Long-Term Targets: Visa Inc. commits to reduce absolute scope 1, 2 and 3 GHG emissions
90% by FY2040 from a FY2019 base year.*
*The target boundary includes land-related emissions and removals from bioenergy
feedstocks.",2025-01-09 01:00:00
VMRK,Vivmark Residential,cdp_pdf,https://ims.avalonbay.com/AVB/esg/2024CDPResponse.pdf,15389.0,49068.0,23316.0,,,2767909000.0,new,"CAUTION: this is AvalonBay Communities (AVB) pre-merger data only, from their 2024 CDP response -- Vivmark Residential (VMRK) is the Aug 2026 merger of AvalonBay and Equity Residential (EQR), and no combined-entity CDP/sustainability filing exists yet under the new ticker. This figure covers roughly half the combined company's portfolio, not the full VMRK footprint -- do not treat as a complete Scope 1/2 figure without adding EQR's own historical data or waiting for VMRK's first combined disclosure.",False,,,,,,,,,
VMC,Vulcan Materials Company,none,,,,,,,,,no_public_report_found,False,,,,,,,,,
WRB,W. R. Berkley Corporation,none,,,,,,,,,no_public_report_found,False,,,,,,,,,
GWW,W. W. Grainger,cdp_pdf,https://s1.q4cdn.com/422144722/files/doc_downloads/ESG/2026/Grainger_CDP-Response_2025.pdf,28000.0,62000.0,56000.0,12/31/2018,37000.0,17200000000.0,new,,False,,,,,,,,,
WAB,Wabtec,sustainability_report,https://illuminem.b-cdn.net/datahub/Sustainability_Reports/707_Wabtec.pdf,,,,,,,False,no_fields_extracted,False,,,,,,,,,
WMT,Walmart,sustainability_report,https://corporate.walmart.com/content/dam/corporate/documents/esgreport/2025/FY2025-Walmart-ESG-Report.pdf,,,,,,,False,no_fields_extracted,True,Targets set,1.5°C,FY2031,,,Commitment removed,,"Near-Term Targets:
Walmart Inc. targets a reduction of absolute scope 1 and 2 GHG emissions 27.84% by FY2031 from a FY2025 base year. Walmart will also work to reduce CO2e emissions from upstream and downstream scope 3 sources by one billion tonnes by FY2031 from a FY2016 base year.",2026-07-23 01:00:00
DIS,Walt Disney Company (The),cdp_pdf,https://impact.disney.com/app/uploads/2025/05/CDP-Survey-Response-2024.pdf,993347.0,782066.0,727414.0,09/29/2019,909382.0,88898000000.0,new,,False,,,,,,,,,
WBD,Warner Bros. Discovery,sustainability_report,https://static-wbd-cdn.wbd.com/s3_assets/docs/2026-04/wbd_2025_impact_disclosures_greenhouse_gas_emissions_data_and_methodology.pdf,80650,112921,116285,,,,False,"Manually entered (not parser-automated): the report's Scope 1/2 table uses bare ""Scope 1"" / ""Scope 2 (Location-Based)"" / ""Scope 2 (Market-Based)"" row labels with footnote reference digits glued directly onto the label text (e.g. ""Scope 11"" for ""Scope 1"" + footnote 1), unit stated once in a column header rather than per-row -- tried a generic pattern for this and reverted it after it produced false matches on unrelated percentage figures in other cached PDFs (see extract_generic_fields comment). Read directly from the FY2025 table in ""Greenhouse Gas Emissions Data and Methodology 2025"": Scope 1 = 80,650; Scope 2 location-based = 112,921; Scope 2 market-based = 116,285 (all MT CO2e). Cross-checked against the document's own combined-total rows: 80,650 + 112,921 = 193,571 matches the stated ""Total Scope 1 + 2 (Location-Based)"" exactly, and 80,650 + 116,285 = 196,935 matches the stated ""Total Scope 1 + 2 (Market-Based)"" exactly.",False,,,,,,,,,
WAT,Waters Corporation,cdp_pdf,https://s205.q4cdn.com/962852172/files/doc_downloads/2026/04/Waters-Corporation-CDP-Corporate-Questionnaire-2025.pdf,14759.0,19564.0,7326.0,12/31/2024,14759.0,2958000000.0,new,,True,Targets set,1.5°C,2030.0,Targets set,2050.0,Targets set,2050.0,"Overall Net-Zero Target:
Waters Corporation commits to achieve net-zero greenhouse gas emissions across the value chain by 2050.

Near-Term Targets:
Waters Corporation commits to reduce absolute scope 1 and 2 GHG emissions 42.0% by 2030 from a 2024 base year.* Waters Corporation also commits to reduce scope 3 GHG emissions from use of sold products 51.6% per USD value added within the same timeframe. Waters Corporation further commits that 52% of its suppliers by spend covering purchased goods and services, will have science-based targets by 2030.

Long-Term Targets:
Waters Corporation commits to reduce absolute scope 1 and 2 GHG emissions 90.0% by 2050 from a 2024 base year.* Waters Corporation also commits to reduce scope 3 GHG emissions from purchased goods and services, upstream transportation and distribution and use of sold products 97.0% per USD value added within the same timeframe.

*The target boundary includes land-related emissions and removals from biogenic feedstocks.",2025-12-18 01:00:00
WFC,Wells Fargo,sustainability_report,https://www.wellsfargo.com/assets/pdf/about/corporate-responsibility/operational-sustainability-data.pdf,,,,,,,False,no_fields_extracted,False,,,,,,,,,
WELL,Welltower,cdp_pdf,https://welltower.com/wp-content/uploads/2025/02/Welltower_2023_CDP_Response.pdf,180316.0,442834.0,426603.0,,,,old,,True,Targets set,Well-below 2°C,2030.0,,,,,"This target was approved using a streamlined target validation route exclusive to small and medium-sized enterprises (SMEs). https://sciencebasedtargets.org/faqs-for-smes/ Welltower Inc. commits to reduce scope 1 and scope 2 GHG emissions 28% by 2030 from a 2019 base year, and to measure and reduce its scope 3 emissions.",2022-09-22 01:00:00
WST,West Pharmaceutical Services,none,,,,,,,,,no_public_report_found,True,Targets set,1.5°C,2035.0,,,,,"Near-Term Targets:
West Pharmaceutical Services, Inc. commits to reduce absolute scope 1 and 2 GHG emissions 42.0% by 2030 from a 2024 base year. West Pharmaceutical Services, Inc. also commits to reduce absolute scope 3 GHG emissions 37.5% by 2035 from a 2024 base year.",2026-06-11 01:00:00
WDC,Western Digital,cdp_pdf,https://documents.westerndigital.com/content/dam/doc-library/en_us/assets/public/western-digital/collateral/company/western-digital-climate-change-water-cdp-questionnaire-2025.pdf,144034.0,863293.0,521366.0,06/30/2020,44643.4,13003000000.0,new,,True,Targets set,1.5°C,FY2030,,,,,Western Digital commits to reduce absolute scope 1 and 2 GHG emissions 42% by FY2030 from a FY2020 base year. Western Digital also commits to reduce scope 3 GHG emissions from use of sold products 50% per petabyte capacity sold by FY2030 from a FY2020 base year.,2021-09-09 01:00:00
WSM,"Williams-Sonoma, Inc.",none,,,,,,,,,no_public_report_found,True,Targets set,1.5°C,2030.0,,,,,"Williams-Sonoma, Inc. commits to reduce absolute scope 1 and 2 GHG emissions 50% by 2030 from a 2019 base year. Williams-Sonoma, Inc. also commits to reduce absolute scope 3 GHG emissions 14% over the same timeframe.",2021-05-20 01:00:00
WMB,Williams Companies,cdp_pdf,https://www.williams.com/wp-content/uploads/sites/8/2021/07/2023-CDP-Climate-Change-Questionnaire_The-Williams-Companies-Inc.pdf,11742300.0,1777329.71,,,,,old,,False,,,,,,,,,
WTW,Willis Towers Watson,none,,,,,,,,,no_public_report_found,False,,,,,,,,,
WDAY,"Workday, Inc.",none,,,,,,,,,no_public_report_found,True,Targets set,1.5°C,FY2030,,,,,"Workday, Inc. commits to continue annually sourcing 100% renewable electricity through FY2030. Workday, Inc. commits to reduce absolute scope 3 business travel GHG emissions 25% by FY2026 from a FY2020 base year. Workday, Inc. commits that 70% of its suppliers by spend covering purchased goods & services and capital goods will have science-based targets by FY2026.",2022-03-24 01:00:00
WYNN,Wynn Resorts,none,,,,,,,,,no_public_report_found,False,,,,,,,,,
XYL,Xylem Inc.,cdp_pdf,https://www.xylem.com/siteassets/sustainability/2024/xylem_2023-cdp-climate-change-disclosure.pdf,41826.0,43268.0,10132.0,,,,old,,True,Targets set,1.5°C,2030.0,,,Commitment removed,,Xylem Inc. commits to reduce absolute scope 1 and 2 GHG emissions 42% by 2030 from a 2023 base year. Xylem Inc. also commits to reduce scope 3 GHG emissions 51.6% per USD value added within the same timeframe. ,2025-01-09 01:00:00
YUM,Yum! Brands,cdp_pdf,"https://www.yum.com/wps/wcm/connect/yumbrands/fee6a0ff-e16e-4fdc-88f3-b7792a564521/Yum!+Brands,+Inc+-+CDP+Climate+-2023.pdf?MOD=AJPERES&CVID=oCityWk",35429.62,100477.74,37856.11,,,,old,,True,Targets set,1.5°C,2030.0,,,Commitment removed,,"Yum! Brands commits to reduce absolute scope 1 and 2 GHG emissions 46% by 2030 from a 2019 base year. Yum! Brands also commits to reduce scope 3 GHG emissions from franchises 46% per restaurant and commits to reduce scope 3 GHG emissions from purchased goods and services 46% per metric ton of beef, poultry, dairy and packaging within the same timeframe.",2021-05-20 01:00:00
ZBRA,Zebra Technologies,cdp_pdf,https://www.zebra.com/content/dam/zebra_dam/en/policies/environment/zebra-cdp-submittal-policy-environment-2024-en-us.pdf,3548.37,20626.6,13488.91,12/31/2020,2100.0,4981000000.0,new,,True,Targets set,1.5°C,2030.0,,,,,Zebra Technologies commits to reduce absolute scopes 1 and 2 GHG emissions 50% by 2030 from a 2020 base year. Zebra Technologies also commits to reduce absolute scope 3 GHG emissions from purchased goods and services and use of sold products 15% within the same timeframe.,2022-08-25 01:00:00
ZBH,Zimmer Biomet,sustainability_report,https://investor.zimmerbiomet.com/~/media/Files/Z/ZimmerBiomet-IR/documents/sustainability-reports/2023-sustainability-report.pdf,,,,,,,False,no_fields_extracted,True,Targets set,1.5°C,2030.0,Targets set,2050.0,Targets set,2050.0,"Overall Net-Zero Target:
Zimmer Biomet commits to achieve net-zero greenhouse gas emissions across the value chain by 2050.

Near-Term Targets:
Zimmer Biomet commits to reduce absolute scope 1 and 2 GHG emissions 55.0% by 2030 from a 2017 base year. Zimmer Biomet also commits to reduce absolute scope 3 GHG emissions from purchased goods and services and capital goods 27.5% by 2030 from a 2019 base year.

Long-Term Targets:
Zimmer Biomet commits to reduce absolute scope 1 and 2 GHG emissions 90.0% by 2050 from a 2017 base year. Zimmer Biomet also commits to reduce absolute scope 3 GHG emissions 90.0% by 2050 from a 2019 base year.",2026-04-30 01:00:00
ZTS,Zoetis,cdp_pdf,https://www.zoetis.com/our-company/corporate-sustainability/downloads/zoetis-inc-2024-cdp-corporate-questionnaire.pdf,111637.0,121167.0,177750.0,12/31/2021,101498.0,8544000000.0,new,,False,,,,,,,,,
